package_name,warning,count
case_bonereg_femur_pit_marker_trial_20260712_185312_719_model_on_20260712_185518,low reference margin,1
case_bonereg_femur_pit_marker_trial_20260712_185312_719_model_on_20260712_185518,ok,10
case_bonereg_femur_pit_marker_trial_20260712_185312_719_model_on_20260712_185518,reference not fully stable,6
case_bonereg_femur_pit_marker_trial_20260712_185312_719_model_on_20260712_185518,reference pose deviation > 3 mm,4
case_bonereg_femur_pit_marker_trial_20260712_185312_719_model_on_20260712_185518,tracking mode guarded,4
case_bonereg_femur_pit_marker_trial_20260712_185556_849_model_on_20260712_185751,low reference tag count,5
case_bonereg_femur_pit_marker_trial_20260712_185556_849_model_on_20260712_185751,ok,7
case_bonereg_femur_pit_marker_trial_20260712_185556_849_model_on_20260712_185751,reference not fully stable,6
case_bonereg_femur_pit_marker_trial_20260712_185556_849_model_on_20260712_185751,reference pose deviation > 3 mm,4
case_bonereg_femur_pit_marker_trial_20260712_185556_849_model_on_20260712_185751,tracking mode guarded,4
case_bonereg_femur_pit_marker_trial_20260712_185822_912_model_on_20260712_185948,low probe margin,5
case_bonereg_femur_pit_marker_trial_20260712_185822_912_model_on_20260712_185948,low reference margin,1
case_bonereg_femur_pit_marker_trial_20260712_185822_912_model_on_20260712_185948,ok,10
case_bonereg_femur_pit_marker_trial_20260712_185822_912_model_on_20260712_185948,reference not fully stable,1
case_bonereg_femur_pit_marker_trial_20260712_185822_912_model_on_20260712_185948,reference pose deviation > 3 mm,1
case_bonereg_femur_pit_marker_trial_20260712_190021_251_model_on_20260712_190159,low reference margin,1
case_bonereg_femur_pit_marker_trial_20260712_190021_251_model_on_20260712_190159,low reference tag count,1
case_bonereg_femur_pit_marker_trial_20260712_190021_251_model_on_20260712_190159,ok,15
case_bonereg_femur_pit_marker_trial_20260712_190228_571_model_on_20260712_190401,low probe tag count,1
case_bonereg_femur_pit_marker_trial_20260712_190228_571_model_on_20260712_190401,low reference tag count,7
case_bonereg_femur_pit_marker_trial_20260712_190228_571_model_on_20260712_190401,ok,4
case_bonereg_femur_pit_marker_trial_20260712_190228_571_model_on_20260712_190401,reference not fully stable,6
case_bonereg_femur_pit_marker_trial_20260712_190228_571_model_on_20260712_190401,reference pose deviation > 3 mm,3
case_bonereg_femur_pit_marker_trial_20260712_190228_571_model_on_20260712_190401,tracking mode guarded,4
case_bonereg_femur_pit_marker_trial_20260712_190433_485_model_on_20260712_190641,low reference margin,3
case_bonereg_femur_pit_marker_trial_20260712_190433_485_model_on_20260712_190641,low reference tag count,5
case_bonereg_femur_pit_marker_trial_20260712_190433_485_model_on_20260712_190641,ok,8
case_bonereg_femur_pit_marker_trial_20260712_190433_485_model_on_20260712_190641,reference not fully stable,1
case_bonereg_femur_pit_marker_trial_20260712_190433_485_model_on_20260712_190641,reference pose deviation > 3 mm,1
case_bonereg_femur_pit_marker_trial_20260712_190433_485_model_on_20260712_190641,tracking mode guarded,1
case_bonereg_femur_pit_marker_trial_20260712_190721_535_model_on_20260712_190911,low reference tag count,13
case_bonereg_femur_pit_marker_trial_20260712_190721_535_model_on_20260712_190911,ok,4
case_bonereg_femur_pit_marker_trial_20260712_190721_535_model_on_20260712_190911,reference not fully stable,1
case_bonereg_femur_pit_marker_trial_20260712_190721_535_model_on_20260712_190911,tracking mode guarded,1
case_bonereg_femur_pit_marker_trial_20260712_190947_478_model_on_20260712_191122,low reference tag count,13
case_bonereg_femur_pit_marker_trial_20260712_190947_478_model_on_20260712_191122,ok,1
case_bonereg_femur_pit_marker_trial_20260712_190947_478_model_on_20260712_191122,reference not fully stable,4
case_bonereg_femur_pit_marker_trial_20260712_190947_478_model_on_20260712_191122,reference pose deviation > 3 mm,3
case_bonereg_femur_pit_marker_trial_20260712_190947_478_model_on_20260712_191122,tracking mode guarded,1
case_bonereg_femur_pit_marker_trial_20260712_191159_393_model_on_20260712_191318,low reference tag count,12
case_bonereg_femur_pit_marker_trial_20260712_191159_393_model_on_20260712_191318,ok,1
case_bonereg_femur_pit_marker_trial_20260712_191159_393_model_on_20260712_191318,reference not fully stable,6
case_bonereg_femur_pit_marker_trial_20260712_191159_393_model_on_20260712_191318,reference pose deviation > 3 mm,4
case_bonereg_femur_pit_marker_trial_20260712_191159_393_model_on_20260712_191318,tracking mode guarded,3
case_bonereg_femur_pit_marker_trial_20260712_191425_005_model_on_20260712_191752,low reference tag count,5
case_bonereg_femur_pit_marker_trial_20260712_191425_005_model_on_20260712_191752,ok,9
case_bonereg_femur_pit_marker_trial_20260712_191425_005_model_on_20260712_191752,reference not fully stable,4
case_bonereg_femur_pit_marker_trial_20260712_191425_005_model_on_20260712_191752,reference pose deviation > 3 mm,3
case_bonereg_femur_pit_marker_trial_20260712_191425_005_model_on_20260712_191752,tracking mode guarded,3
case_bonereg_femur_pit_marker_trial_20260712_191821_713_model_on_20260712_192114,low probe margin,1
case_bonereg_femur_pit_marker_trial_20260712_191821_713_model_on_20260712_192114,low reference tag count,4
case_bonereg_femur_pit_marker_trial_20260712_191821_713_model_on_20260712_192114,ok,10
case_bonereg_femur_pit_marker_trial_20260712_191821_713_model_on_20260712_192114,reference not fully stable,3
case_bonereg_femur_pit_marker_trial_20260712_191821_713_model_on_20260712_192114,reference pose deviation > 3 mm,2
case_bonereg_femur_pit_marker_trial_20260712_191821_713_model_on_20260712_192114,tracking mode guarded,2
case_bonereg_femur_pit_marker_trial_20260712_192155_831_model_on_20260712_192401,low reference tag count,4
case_bonereg_femur_pit_marker_trial_20260712_192155_831_model_on_20260712_192401,ok,8
case_bonereg_femur_pit_marker_trial_20260712_192155_831_model_on_20260712_192401,reference not fully stable,6
case_bonereg_femur_pit_marker_trial_20260712_192155_831_model_on_20260712_192401,reference pose deviation > 3 mm,5
case_bonereg_femur_pit_marker_trial_20260712_192155_831_model_on_20260712_192401,tracking mode guarded,3
case_bonereg_femur_pit_marker_trial_20260712_192435_927_model_on_20260712_192641,low probe margin,1
case_bonereg_femur_pit_marker_trial_20260712_192435_927_model_on_20260712_192641,low reference margin,1
case_bonereg_femur_pit_marker_trial_20260712_192435_927_model_on_20260712_192641,low reference tag count,6
case_bonereg_femur_pit_marker_trial_20260712_192435_927_model_on_20260712_192641,ok,8
case_bonereg_femur_pit_marker_trial_20260712_192435_927_model_on_20260712_192641,reference not fully stable,1
case_bonereg_femur_pit_marker_trial_20260712_192435_927_model_on_20260712_192641,reference pose deviation > 3 mm,1
case_bonereg_femur_pit_marker_trial_20260712_192711_723_model_on_20260712_193032,low reference tag count,10
case_bonereg_femur_pit_marker_trial_20260712_192711_723_model_on_20260712_193032,ok,8
case_bonereg_femur_pit_marker_trial_20260712_192711_723_model_on_20260712_193032,reference not fully stable,5
case_bonereg_femur_pit_marker_trial_20260712_192711_723_model_on_20260712_193032,reference pose deviation > 3 mm,3
case_bonereg_femur_pit_marker_trial_20260712_192711_723_model_on_20260712_193032,tracking mode guarded,2
case_bonereg_femur_pit_marker_trial_20260712_193100_219_model_on_20260712_193248,low reference margin,1
case_bonereg_femur_pit_marker_trial_20260712_193100_219_model_on_20260712_193248,low reference tag count,1
case_bonereg_femur_pit_marker_trial_20260712_193100_219_model_on_20260712_193248,ok,10
case_bonereg_femur_pit_marker_trial_20260712_193100_219_model_on_20260712_193248,reference not fully stable,5
case_bonereg_femur_pit_marker_trial_20260712_193100_219_model_on_20260712_193248,reference pose deviation > 3 mm,4
case_bonereg_femur_pit_marker_trial_20260712_193100_219_model_on_20260712_193248,tracking mode guarded,4
case_bonereg_femur_pit_marker_trial_20260712_193447_267_model_on_20260712_193727,low reference tag count,6
case_bonereg_femur_pit_marker_trial_20260712_193447_267_model_on_20260712_193727,ok,6
case_bonereg_femur_pit_marker_trial_20260712_193447_267_model_on_20260712_193727,reference not fully stable,6
case_bonereg_femur_pit_marker_trial_20260712_193447_267_model_on_20260712_193727,reference pose deviation > 3 mm,6
case_bonereg_femur_pit_marker_trial_20260712_193447_267_model_on_20260712_193727,tracking mode guarded,4
case_bonereg_femur_pit_marker_trial_20260712_193819_101_model_on_20260712_194021,low reference margin,3
case_bonereg_femur_pit_marker_trial_20260712_193819_101_model_on_20260712_194021,low reference tag count,6
case_bonereg_femur_pit_marker_trial_20260712_193819_101_model_on_20260712_194021,ok,7
case_bonereg_femur_pit_marker_trial_20260712_193819_101_model_on_20260712_194021,reference not fully stable,3
case_bonereg_femur_pit_marker_trial_20260712_193819_101_model_on_20260712_194021,reference pose deviation > 3 mm,2
case_bonereg_femur_pit_marker_trial_20260712_193819_101_model_on_20260712_194021,tracking mode guarded,3
case_bonereg_femur_pit_marker_trial_20260712_194210_972_model_on_20260712_194456,low reference tag count,4
case_bonereg_femur_pit_marker_trial_20260712_194210_972_model_on_20260712_194456,ok,11
case_bonereg_femur_pit_marker_trial_20260712_194210_972_model_on_20260712_194456,reference not fully stable,3
case_bonereg_femur_pit_marker_trial_20260712_194210_972_model_on_20260712_194456,reference pose deviation > 3 mm,2
case_bonereg_femur_pit_marker_trial_20260712_194210_972_model_on_20260712_194456,tracking mode guarded,2
case_bonereg_tibia_pit_marker_trial_20260712_171915_493_model_on_20260712_172309,low reference margin,1
case_bonereg_tibia_pit_marker_trial_20260712_171915_493_model_on_20260712_172309,low reference tag count,6
case_bonereg_tibia_pit_marker_trial_20260712_171915_493_model_on_20260712_172309,ok,6
case_bonereg_tibia_pit_marker_trial_20260712_171915_493_model_on_20260712_172309,reference not fully stable,3
case_bonereg_tibia_pit_marker_trial_20260712_171915_493_model_on_20260712_172309,reference pose deviation > 3 mm,4
case_bonereg_tibia_pit_marker_trial_20260712_171915_493_model_on_20260712_172309,tracking mode guarded,2
case_bonereg_tibia_pit_marker_trial_20260712_171915_493_model_on_20260712_172309,tracking mode reacquire,1
case_bonereg_tibia_pit_marker_trial_20260712_172351_492_model_on_20260712_172540,low reference margin,5
case_bonereg_tibia_pit_marker_trial_20260712_172351_492_model_on_20260712_172540,low reference tag count,6
case_bonereg_tibia_pit_marker_trial_20260712_172351_492_model_on_20260712_172540,ok,3
case_bonereg_tibia_pit_marker_trial_20260712_172351_492_model_on_20260712_172540,reference not fully stable,5
case_bonereg_tibia_pit_marker_trial_20260712_172351_492_model_on_20260712_172540,reference pose deviation > 3 mm,3
case_bonereg_tibia_pit_marker_trial_20260712_172351_492_model_on_20260712_172540,tracking mode guarded,5
case_bonereg_tibia_pit_marker_trial_20260712_172620_844_model_on_20260712_172836,low reference margin,1
case_bonereg_tibia_pit_marker_trial_20260712_172620_844_model_on_20260712_172836,low reference tag count,6
case_bonereg_tibia_pit_marker_trial_20260712_172620_844_model_on_20260712_172836,ok,5
case_bonereg_tibia_pit_marker_trial_20260712_172620_844_model_on_20260712_172836,reference not fully stable,7
case_bonereg_tibia_pit_marker_trial_20260712_172620_844_model_on_20260712_172836,reference pose deviation > 3 mm,5
case_bonereg_tibia_pit_marker_trial_20260712_172620_844_model_on_20260712_172836,tracking mode guarded,5
case_bonereg_tibia_pit_marker_trial_20260712_172919_165_model_on_20260712_173057,low reference margin,5
case_bonereg_tibia_pit_marker_trial_20260712_172919_165_model_on_20260712_173057,low reference tag count,7
case_bonereg_tibia_pit_marker_trial_20260712_172919_165_model_on_20260712_173057,ok,2
case_bonereg_tibia_pit_marker_trial_20260712_172919_165_model_on_20260712_173057,reference not fully stable,4
case_bonereg_tibia_pit_marker_trial_20260712_172919_165_model_on_20260712_173057,reference pose deviation > 3 mm,3
case_bonereg_tibia_pit_marker_trial_20260712_172919_165_model_on_20260712_173057,tracking mode guarded,3
case_bonereg_tibia_pit_marker_trial_20260712_173449_714_model_on_20260712_173713,low reference tag count,7
case_bonereg_tibia_pit_marker_trial_20260712_173449_714_model_on_20260712_173713,ok,6
case_bonereg_tibia_pit_marker_trial_20260712_173449_714_model_on_20260712_173713,reference not fully stable,8
case_bonereg_tibia_pit_marker_trial_20260712_173449_714_model_on_20260712_173713,reference pose deviation > 3 mm,7
case_bonereg_tibia_pit_marker_trial_20260712_173449_714_model_on_20260712_173713,tracking mode guarded,2
case_bonereg_tibia_pit_marker_trial_20260712_173757_511_model_on_20260712_174048,low reference tag count,5
case_bonereg_tibia_pit_marker_trial_20260712_173757_511_model_on_20260712_174048,ok,6
case_bonereg_tibia_pit_marker_trial_20260712_173757_511_model_on_20260712_174048,reference not fully stable,7
case_bonereg_tibia_pit_marker_trial_20260712_173757_511_model_on_20260712_174048,reference pose deviation > 3 mm,6
case_bonereg_tibia_pit_marker_trial_20260712_173757_511_model_on_20260712_174048,tracking mode guarded,2
case_bonereg_tibia_pit_marker_trial_20260712_180520_877_model_on_20260712_180813,low reference margin,1
case_bonereg_tibia_pit_marker_trial_20260712_180520_877_model_on_20260712_180813,low reference tag count,8
case_bonereg_tibia_pit_marker_trial_20260712_180520_877_model_on_20260712_180813,ok,5
case_bonereg_tibia_pit_marker_trial_20260712_180520_877_model_on_20260712_180813,reference not fully stable,4
case_bonereg_tibia_pit_marker_trial_20260712_180520_877_model_on_20260712_180813,reference pose deviation > 3 mm,4
case_bonereg_tibia_pit_marker_trial_20260712_180520_877_model_on_20260712_180813,tracking mode guarded,3
case_bonereg_tibia_pit_marker_trial_20260712_180520_877_model_on_20260712_180813,tracking mode reacquire,1
case_bonereg_tibia_pit_marker_trial_20260712_180845_975_model_on_20260712_181128,low reference margin,1
case_bonereg_tibia_pit_marker_trial_20260712_180845_975_model_on_20260712_181128,low reference tag count,7
case_bonereg_tibia_pit_marker_trial_20260712_180845_975_model_on_20260712_181128,ok,5
case_bonereg_tibia_pit_marker_trial_20260712_180845_975_model_on_20260712_181128,reference not fully stable,6
case_bonereg_tibia_pit_marker_trial_20260712_180845_975_model_on_20260712_181128,reference pose deviation > 3 mm,4
case_bonereg_tibia_pit_marker_trial_20260712_180845_975_model_on_20260712_181128,tracking mode guarded,3
case_bonereg_tibia_pit_marker_trial_20260712_181217_208_model_on_20260712_181354,low reference margin,1
case_bonereg_tibia_pit_marker_trial_20260712_181217_208_model_on_20260712_181354,low reference tag count,8
case_bonereg_tibia_pit_marker_trial_20260712_181217_208_model_on_20260712_181354,ok,2
case_bonereg_tibia_pit_marker_trial_20260712_181217_208_model_on_20260712_181354,reference not fully stable,5
case_bonereg_tibia_pit_marker_trial_20260712_181217_208_model_on_20260712_181354,reference pose deviation > 3 mm,6
case_bonereg_tibia_pit_marker_trial_20260712_181217_208_model_on_20260712_181354,tracking mode guarded,1
case_bonereg_tibia_pit_marker_trial_20260712_181217_208_model_on_20260712_181354,tracking mode reacquire,1
case_bonereg_tibia_pit_marker_trial_20260712_181424_988_model_on_20260712_181545,low reference tag count,10
case_bonereg_tibia_pit_marker_trial_20260712_181424_988_model_on_20260712_181545,ok,2
case_bonereg_tibia_pit_marker_trial_20260712_181424_988_model_on_20260712_181545,reference not fully stable,5
case_bonereg_tibia_pit_marker_trial_20260712_181424_988_model_on_20260712_181545,reference pose deviation > 3 mm,5
case_bonereg_tibia_pit_marker_trial_20260712_181424_988_model_on_20260712_181545,tracking mode guarded,1
case_bonereg_tibia_pit_marker_trial_20260712_181626_870_model_on_20260712_181824,low reference tag count,16
case_bonereg_tibia_pit_marker_trial_20260712_181626_870_model_on_20260712_181824,reference not fully stable,1
case_bonereg_tibia_pit_marker_trial_20260712_181626_870_model_on_20260712_181824,reference pose deviation > 3 mm,1
case_bonereg_tibia_pit_marker_trial_20260712_181857_489_model_on_20260712_182014,low reference margin,3
case_bonereg_tibia_pit_marker_trial_20260712_181857_489_model_on_20260712_182014,low reference tag count,6
case_bonereg_tibia_pit_marker_trial_20260712_181857_489_model_on_20260712_182014,ok,3
case_bonereg_tibia_pit_marker_trial_20260712_181857_489_model_on_20260712_182014,reference not fully stable,4
case_bonereg_tibia_pit_marker_trial_20260712_181857_489_model_on_20260712_182014,reference pose deviation > 3 mm,5
case_bonereg_tibia_pit_marker_trial_20260712_181857_489_model_on_20260712_182014,tracking mode guarded,1
case_bonereg_tibia_pit_marker_trial_20260712_181857_489_model_on_20260712_182014,tracking mode reacquire,1
case_bonereg_tibia_pit_marker_trial_20260712_182049_138_model_on_20260712_182215,low reference margin,1
case_bonereg_tibia_pit_marker_trial_20260712_182049_138_model_on_20260712_182215,low reference tag count,9
case_bonereg_tibia_pit_marker_trial_20260712_182049_138_model_on_20260712_182215,ok,3
case_bonereg_tibia_pit_marker_trial_20260712_182049_138_model_on_20260712_182215,reference not fully stable,3
case_bonereg_tibia_pit_marker_trial_20260712_182049_138_model_on_20260712_182215,reference pose deviation > 3 mm,4
case_bonereg_tibia_pit_marker_trial_20260712_182049_138_model_on_20260712_182215,tracking mode guarded,2
case_bonereg_tibia_pit_marker_trial_20260712_182049_138_model_on_20260712_182215,tracking mode reacquire,1
case_bonereg_tibia_pit_marker_trial_20260712_183120_277_model_on_20260712_183354,low reference margin,1
case_bonereg_tibia_pit_marker_trial_20260712_183120_277_model_on_20260712_183354,low reference tag count,7
case_bonereg_tibia_pit_marker_trial_20260712_183120_277_model_on_20260712_183354,ok,5
case_bonereg_tibia_pit_marker_trial_20260712_183120_277_model_on_20260712_183354,reference not fully stable,3
case_bonereg_tibia_pit_marker_trial_20260712_183120_277_model_on_20260712_183354,reference pose deviation > 3 mm,4
case_bonereg_tibia_pit_marker_trial_20260712_183120_277_model_on_20260712_183354,tracking mode guarded,1
case_bonereg_tibia_pit_marker_trial_20260712_183120_277_model_on_20260712_183354,tracking mode reacquire,1
case_bonereg_tibia_pit_marker_trial_20260712_183420_879_model_on_20260712_183945,low reference tag count,9
case_bonereg_tibia_pit_marker_trial_20260712_183420_879_model_on_20260712_183945,ok,5
case_bonereg_tibia_pit_marker_trial_20260712_183420_879_model_on_20260712_183945,reference not fully stable,5
case_bonereg_tibia_pit_marker_trial_20260712_183420_879_model_on_20260712_183945,reference pose deviation > 3 mm,4
case_bonereg_tibia_pit_marker_trial_20260712_183420_879_model_on_20260712_183945,tracking mode guarded,1
case_bonereg_tibia_pit_marker_trial_20260712_184135_263_model_on_20260712_184358,low reference tag count,6
case_bonereg_tibia_pit_marker_trial_20260712_184135_263_model_on_20260712_184358,ok,5
case_bonereg_tibia_pit_marker_trial_20260712_184135_263_model_on_20260712_184358,reference not fully stable,5
case_bonereg_tibia_pit_marker_trial_20260712_184135_263_model_on_20260712_184358,reference pose deviation > 3 mm,6
case_bonereg_tibia_pit_marker_trial_20260712_184135_263_model_on_20260712_184358,tracking mode reacquire,1
case_bonereg_tibia_pit_marker_trial_20260712_194828_885_model_on_20260712_195020,low probe margin,1
case_bonereg_tibia_pit_marker_trial_20260712_194828_885_model_on_20260712_195020,low reference margin,1
case_bonereg_tibia_pit_marker_trial_20260712_194828_885_model_on_20260712_195020,low reference tag count,8
case_bonereg_tibia_pit_marker_trial_20260712_194828_885_model_on_20260712_195020,ok,4
case_bonereg_tibia_pit_marker_trial_20260712_194828_885_model_on_20260712_195020,reference not fully stable,5
case_bonereg_tibia_pit_marker_trial_20260712_194828_885_model_on_20260712_195020,reference pose deviation > 3 mm,5
case_bonereg_tibia_pit_marker_trial_20260712_194828_885_model_on_20260712_195020,tracking mode guarded,1
case_bonereg_tibia_pit_marker_trial_20260712_195051_242_model_on_20260712_195207,low reference margin,5
case_bonereg_tibia_pit_marker_trial_20260712_195051_242_model_on_20260712_195207,low reference tag count,8
case_bonereg_tibia_pit_marker_trial_20260712_195051_242_model_on_20260712_195207,ok,3
case_bonereg_tibia_pit_marker_trial_20260712_195051_242_model_on_20260712_195207,reference not fully stable,2
case_bonereg_tibia_pit_marker_trial_20260712_195051_242_model_on_20260712_195207,reference pose deviation > 3 mm,1
case_bonereg_tibia_pit_marker_trial_20260712_195051_242_model_on_20260712_195207,tracking mode guarded,1
