sequence,package_name,trial_id,protocol,operator_id,apple_vision_pro_id,device_chip,anatomy,tre_group_id,analysis_status,source_note_original,qc_note,stop_k,fit_rmse_mm,tre_rmse_mm,tre_p95_mm,tre_max_mm,tre_pass_rate,tre_points_n,all_7_tre_within_3mm,registration_duration_sec,total_duration_sec,registration_bbox_diagonal_mm,pairwise_min_distance_mm,pairwise_mean_distance_mm,translation_uncertainty_mm,rotation_uncertainty_deg,enhanced_model_detection_count,tre_tracking_quality_mean,point_savings_vs_49,point_savings_fraction_vs_49
1,case_bonereg_tibia_pit_marker_trial_20260712_171915_493_model_on_20260712_172309,trial_20260712_171915_493,Adaptive,OP-01,VP-A,M2,Tibia,TRE_GROUP_1,included,,,10,1.028294,0.9545577981815156,1.2405761999999998,1.272594,1.0,7,True,59.78083000000001,234.0,96.832901,19.258114,42.173907,10.073639,1.601817,5,0.8042857142857143,39,0.7959183673469388
2,case_bonereg_tibia_pit_marker_trial_20260712_172351_492_model_on_20260712_172540,trial_20260712_172351_492,Fixed k=10,OP-01,VP-A,M2,Tibia,TRE_GROUP_2,included,,,10,0.466455,2.4295343008860475,2.8604388999999997,2.866942,1.0,7,True,21.93272300000001,109.0,48.400555,2.204461,18.816325,15.120159,3.186028,3,0.6642114285714286,39,0.7959183673469388
3,case_bonereg_tibia_pit_marker_trial_20260712_172620_844_model_on_20260712_172836,trial_20260712_172620_844,Adaptive,OP-01,VP-A,M2,Tibia,TRE_GROUP_3,included,,,11,0.968061,0.9789759743136848,1.2019575999999998,1.225387,1.0,7,True,53.99172599999997,136.0,100.142248,10.137811,43.172051,6.594381,1.227398,3,0.8758285714285714,38,0.7755102040816326
4,case_bonereg_femur_pit_marker_trial_20260712_185312_719_model_on_20260712_185518,trial_20260712_185312_719,Fixed k=10,OP-01,VP-B,M5,Femur,TRE_GROUP_2,included,,,10,1.518947,2.753260794096182,4.158039399999999,4.458925,0.7142857142857143,7,False,32.00509299999999,125.0,58.458429,7.989965,25.371848,21.861983,3.046672,3,0.9231428571428572,39,0.7959183673469388
5,case_bonereg_femur_pit_marker_trial_20260712_191425_005_model_on_20260712_191752,trial_20260712_191425_005,Adaptive,OP-01,VP-B,M5,Femur,TRE_GROUP_3,included,,,10,1.108526,1.0291998144386596,1.3795783,1.413238,1.0,7,True,55.25153,207.0,125.503525,23.378624,52.879112,13.765347,1.937534,5,0.7942171428571428,39,0.7959183673469388
6,case_bonereg_femur_pit_marker_trial_20260712_191821_713_model_on_20260712_192114,trial_20260712_191821_713,Adaptive,OP-01,VP-B,M5,Femur,TRE_GROUP_1,included,,,11,1.299572,1.1395582000695332,1.4258186,1.438388,1.0,7,True,52.31197699999984,173.0,117.12572,3.746097,46.031304,16.139511,2.058787,3,0.9228571428571428,38,0.7755102040816326
7,case_bonereg_femur_pit_marker_trial_20260712_185556_849_model_on_20260712_185751,trial_20260712_185556_849,Fixed k=10,OP-01,VP-A,M2,Femur,TRE_GROUP_3,included,,,10,1.123082,2.854453429018517,3.4959418,3.499687,0.4285714285714285,7,False,27.11584100000005,115.0,48.567493,2.514947,20.467445,28.76245,4.167366,6,0.9179828571428572,39,0.7959183673469388
8,case_bonereg_femur_pit_marker_trial_20260712_185822_912_model_on_20260712_185948,trial_20260712_185822_912,Fixed k=10,OP-01,VP-A,M2,Femur,TRE_GROUP_1,included,,,10,0.823829,2.3389439798111575,3.1508902999999995,3.306164,0.8571428571428571,7,False,22.376567999999907,86.0,76.939605,7.989965,32.684928,13.171511,2.014952,1,0.9158285714285714,39,0.7959183673469388
9,case_bonereg_femur_pit_marker_trial_20260712_192155_831_model_on_20260712_192401,trial_20260712_192155_831,Adaptive,OP-01,VP-A,M2,Femur,TRE_GROUP_2,included,,,11,1.37022,1.078298074009223,1.4192882,1.454345,1.0,7,True,54.5984739999999,125.0,125.503525,12.004676,51.161606,10.088367,1.292135,3,0.6593371428571428,38,0.7755102040816326
10,case_bonereg_tibia_pit_marker_trial_20260712_172919_165_model_on_20260712_173057,trial_20260712_172919_165,Fixed k=10,OP-01,VP-B,M5,Tibia,TRE_GROUP_1,included,,,10,0.511301,2.257542668829033,3.3322409999999993,3.626598,0.8571428571428571,7,False,20.569961000000035,98.0,25.043117,2.200717,10.357015,25.698287,8.653398,3,0.8501142857142857,39,0.7959183673469388
11,case_bonereg_tibia_pit_marker_trial_20260712_173449_714_model_on_20260712_173713,trial_20260712_173449_714,Adaptive,OP-01,VP-B,M5,Tibia,TRE_GROUP_2,included,,,13,1.185574,0.9351562422138728,1.178375,1.251125,1.0,7,True,62.630398000000014,144.0,108.787671,16.455032,42.13599,9.840699,1.537857,5,0.6236582857142857,36,0.7346938775510204
12,case_bonereg_tibia_pit_marker_trial_20260712_173757_511_model_on_20260712_174048,trial_20260712_173757_511,Fixed k=10,OP-01,VP-B,M5,Tibia,TRE_GROUP_3,included,,,10,0.385544,2.0051991165591794,3.0898795999999997,3.252617,0.8571428571428571,7,False,20.636837999999955,171.0,54.830965,2.204461,19.424265,12.821666,2.845894,1,0.8802285714285715,39,0.7959183673469388
13,case_bonereg_femur_pit_marker_trial_20260712_192435_927_model_on_20260712_192641,trial_20260712_192435_927,Adaptive,OP-02,VP-B,M5,Femur,TRE_GROUP_2,included,,,10,1.64484,0.94921103463794,1.2851818,1.294456,1.0,7,True,47.495986999999786,126.0,125.503525,23.378624,52.879112,15.592733,2.520889,3,0.8586857142857143,39,0.7959183673469388
14,case_bonereg_femur_pit_marker_trial_20260712_190021_251_model_on_20260712_190159,trial_20260712_190021_251,Fixed k=10,OP-02,VP-B,M5,Femur,TRE_GROUP_3,included,,,10,0.671554,2.3342593364179933,3.821499999999999,4.236586,0.8571428571428571,7,False,25.766047999999955,98.0,48.567493,2.514947,20.467445,24.676977,3.978827,3,0.98,39,0.7959183673469388
15,case_bonereg_femur_pit_marker_trial_20260712_190228_571_model_on_20260712_190401,trial_20260712_190228_571,Fixed k=10,OP-02,VP-B,M5,Femur,TRE_GROUP_1,included,,,10,0.577397,2.210911684783613,2.9808198999999997,3.093421,0.8571428571428571,7,False,25.79604900000004,93.0,76.939605,7.989965,32.684928,21.333663,2.853466,5,0.8714285714285713,39,0.7959183673469388
16,case_bonereg_femur_pit_marker_trial_20260712_192711_723_model_on_20260712_193032,trial_20260712_192711_723,Adaptive,OP-02,VP-A,M2,Femur,TRE_GROUP_3,included,,,15,1.492938,1.171397827501705,1.5219864,1.556043,1.0,7,True,94.06387899999982,200.0,128.432602,17.70431,51.846816,9.970159,1.159679,6,0.866,34,0.6938775510204082
17,case_bonereg_femur_pit_marker_trial_20260712_193100_219_model_on_20260712_193248,trial_20260712_193100_219,Adaptive,OP-02,VP-A,M2,Femur,TRE_GROUP_1,included,,,10,1.087257,0.944750402066523,1.2806322,1.320342,1.0,7,True,43.822749999999814,108.0,117.12572,21.179819,48.874191,14.181375,1.592671,4,0.7120799999999999,39,0.7959183673469388
18,case_bonereg_femur_pit_marker_trial_20260712_190433_485_model_on_20260712_190641,trial_20260712_190433_485,Fixed k=10,OP-02,VP-A,M2,Femur,TRE_GROUP_2,included,,,10,1.268383,3.4199490236236394,5.436839599999999,5.87633,0.5714285714285714,7,False,34.73467800000003,128.0,58.458429,7.989965,25.371848,31.081861,4.809871,5,0.9228571428571428,39,0.7959183673469388
19,case_bonereg_tibia_pit_marker_trial_20260712_194828_885_model_on_20260712_195020,trial_20260712_194828_885,Adaptive,OP-02,VP-B,M5,Tibia,TRE_GROUP_1,included,一开始没有开HMDnetc ase_bonereg_tibia_pit_marker_trial_20260712_175657_753_model_off_20260712_180043,A preliminary model-off export was replaced by this complete formal model-on run; the preliminary export is excluded.,11,1.335253,0.9676722284049196,1.3312433999999995,1.417266,1.0,7,True,45.65328199999999,111.0,96.832901,19.209825,40.348936,16.154036,2.306287,3,0.7938114285714286,38,0.7755102040816326
20,case_bonereg_tibia_pit_marker_trial_20260712_195051_242_model_on_20260712_195207,trial_20260712_195051_242,Fixed k=10,OP-02,VP-B,M5,Tibia,TRE_GROUP_2,included,一开始没有开HMDnet  case_bonereg_tibia_pit_marker_trial_20260712_180131_235_model_off_20260712_180328,A preliminary model-off export was replaced by this complete formal model-on run; the preliminary export is excluded.,10,0.416704,1.6924340903940267,2.718044899999999,3.165092,0.8571428571428571,7,False,19.856949000000213,76.0,48.400555,2.204461,18.816325,22.753034,3.999911,3,0.8362342857142858,39,0.7959183673469388
21,case_bonereg_tibia_pit_marker_trial_20260712_180520_877_model_on_20260712_180813,trial_20260712_180520_877,Adaptive,OP-02,VP-B,M5,Tibia,TRE_GROUP_3,included,,,11,0.905782,1.083627706484302,1.4532785,1.508891,1.0,7,True,53.63177300000007,173.0,100.142248,10.137811,43.172051,8.658476,1.475446,6,0.7834914285714286,38,0.7755102040816326
22,case_bonereg_tibia_pit_marker_trial_20260712_180845_975_model_on_20260712_181128,trial_20260712_180845_975,Adaptive,OP-02,VP-A,M2,Tibia,TRE_GROUP_2,included,,,10,1.553997,1.1433033574504312,1.3334887999999998,1.35608,1.0,7,True,46.331057999999985,163.0,108.787671,19.614972,43.877208,21.252161,2.943146,5,0.8023737142857142,39,0.7959183673469388
23,case_bonereg_tibia_pit_marker_trial_20260712_181217_208_model_on_20260712_181354,trial_20260712_181217_208,Fixed k=10,OP-02,VP-A,M2,Tibia,TRE_GROUP_3,included,,,10,0.48885,2.1276391527296834,2.7911901999999995,2.939272,1.0,7,True,18.89710200000013,97.0,54.830965,2.204461,19.424265,14.212698,2.831965,4,0.8244,39,0.7959183673469388
24,case_bonereg_tibia_pit_marker_trial_20260712_181424_988_model_on_20260712_181545,trial_20260712_181424_988,Fixed k=10,OP-02,VP-A,M2,Tibia,TRE_GROUP_1,included,,,10,0.443164,2.9642938162661463,4.244614199999999,4.335774,0.5714285714285714,7,False,20.03693199999998,81.0,25.043117,2.200717,10.357015,18.082703,5.533679,5,0.7467828571428571,39,0.7959183673469388
25,case_bonereg_femur_pit_marker_trial_20260712_190721_535_model_on_20260712_190911,trial_20260712_190721_535,Fixed k=10,OP-03,VP-A,M2,Femur,TRE_GROUP_3,included,,,10,0.388194,2.5101608289199033,3.169326,3.286944,0.8571428571428571,7,False,20.03663500000016,109.0,48.567493,2.514947,20.467445,10.643058,1.560481,3,0.897142857142857,39,0.7959183673469388
26,case_bonereg_femur_pit_marker_trial_20260712_190947_478_model_on_20260712_191122,trial_20260712_190947_478,Fixed k=10,OP-03,VP-A,M2,Femur,TRE_GROUP_1,included,,,10,1.20968,3.107132960169275,4.3044381,4.439766,0.4285714285714285,7,False,32.215056000000004,95.0,76.939605,7.989965,32.684928,20.719506,2.842022,2,0.8030857142857143,39,0.7959183673469388
27,case_bonereg_femur_pit_marker_trial_20260712_193447_267_model_on_20260712_193727,trial_20260712_193447_267,Adaptive,OP-03,VP-A,M2,Femur,TRE_GROUP_2,included,,,11,1.122124,0.7785453940822682,1.0230381999999998,1.07803,1.0,7,True,60.81747299999999,159.0,125.503525,12.004676,51.161606,9.646325,1.736237,4,0.7680971428571429,38,0.7755102040816326
28,case_bonereg_tibia_pit_marker_trial_20260712_181626_870_model_on_20260712_181824,trial_20260712_181626_870,Fixed k=10,OP-03,VP-B,M5,Tibia,TRE_GROUP_1,included,,,10,0.247714,2.308918524332179,3.3301198999999992,3.616697,0.8571428571428571,7,False,17.397331000000122,118.0,25.043117,2.200717,10.357015,14.716876,5.820842,5,0.8200000000000001,39,0.7959183673469388
29,case_bonereg_tibia_pit_marker_trial_20260712_183120_277_model_on_20260712_183354,trial_20260712_183120_277,Adaptive,OP-03,VP-B,M5,Tibia,TRE_GROUP_2,included,,,10,0.732319,0.8659717523310363,1.0659093,1.08081,1.0,7,True,50.062321,153.0,108.787671,19.614972,43.877208,7.98493,1.071446,5,0.8501142857142857,39,0.7959183673469388
30,case_bonereg_tibia_pit_marker_trial_20260712_181857_489_model_on_20260712_182014,trial_20260712_181857_489,Fixed k=10,OP-03,VP-B,M5,Tibia,TRE_GROUP_3,included,,,10,0.49727,2.6448856758811767,3.559312399999999,3.885512,0.8571428571428571,7,False,15.98754699999995,77.0,54.830965,2.204461,19.424265,18.942984,5.783551,7,0.7842857142857144,39,0.7959183673469388
31,case_bonereg_tibia_pit_marker_trial_20260712_182049_138_model_on_20260712_182215,trial_20260712_182049_138,Fixed k=10,OP-03,VP-A,M2,Tibia,TRE_GROUP_2,included,,,10,0.401451,1.9029895389555576,2.6585461,2.669368,1.0,7,True,16.666206999999986,86.0,48.400555,2.204461,18.816325,10.709452,2.47934,6,0.7117942857142857,39,0.7959183673469388
32,case_bonereg_tibia_pit_marker_trial_20260712_183420_879_model_on_20260712_183945,trial_20260712_183420_879,Adaptive,OP-03,VP-A,M2,Tibia,TRE_GROUP_3,included,之前有几次没跑完就关机了，没有导出的数据还在包里,Earlier interrupted attempts were not exported; the current exported attempt is complete and included.,11,0.969636,1.0558035739725182,1.3882961,1.432028,1.0,7,True,52.072018000000014,325.0,105.978191,17.105233,44.073849,11.392727,1.588847,2,0.7564628571428571,38,0.7755102040816326
33,case_bonereg_tibia_pit_marker_trial_20260712_184135_263_model_on_20260712_184358,trial_20260712_184135_263,Adaptive,OP-03,VP-A,M2,Tibia,TRE_GROUP_1,included,,,10,0.908111,0.8575249668821809,1.2095741999999998,1.309077,1.0,7,True,47.30274399999996,142.0,96.832901,19.258114,42.173907,8.064012,1.328387,2,0.8758285714285714,39,0.7959183673469388
34,case_bonereg_femur_pit_marker_trial_20260712_193819_101_model_on_20260712_194021,trial_20260712_193819_101,Adaptive,OP-03,VP-B,M5,Femur,TRE_GROUP_3,included,,,10,1.099655,1.1135726493321907,1.5143596,1.544965,1.0,7,True,44.87312200000002,122.0,125.503525,23.378624,52.879112,10.966396,1.662633,6,0.9285714285714286,39,0.7959183673469388
35,case_bonereg_femur_pit_marker_trial_20260712_194210_972_model_on_20260712_194456,trial_20260712_194210_972,Adaptive,OP-03,VP-B,M5,Femur,TRE_GROUP_1,included,,,11,1.331491,1.096736709714779,1.4235398,1.427165,1.0,7,True,50.831916999999976,165.0,117.12572,3.746097,46.031304,20.828404,2.509973,3,0.9004251428571429,38,0.7755102040816326
36,case_bonereg_femur_pit_marker_trial_20260712_191159_393_model_on_20260712_191318,trial_20260712_191159_393,Fixed k=10,OP-03,VP-B,M5,Femur,TRE_GROUP_2,included,,,10,1.232801,2.375234183616909,3.4179731999999996,3.55773,0.5714285714285714,7,False,26.965868000000228,79.0,58.458429,7.989965,25.371848,28.321881,3.906212,2,0.7680971428571429,39,0.7959183673469388
