package_name,trial_id,landmark_index,landmark_name,error_mm,passed,tracking_quality,protocol,operator_id,apple_vision_pro_id,anatomy,tre_group_id
case_bonereg_femur_pit_marker_trial_20260712_185312_719_model_on_20260712_185518,trial_20260712_185312_719,0,G1 F_1-2,1.790141,True,1.0,Fixed k=10,OP-01,VP-B,Femur,TRE_GROUP_2
case_bonereg_femur_pit_marker_trial_20260712_185312_719_model_on_20260712_185518,trial_20260712_185312_719,1,G1 F_1-4,2.010568,True,1.0,Fixed k=10,OP-01,VP-B,Femur,TRE_GROUP_2
case_bonereg_femur_pit_marker_trial_20260712_185312_719_model_on_20260712_185518,trial_20260712_185312_719,15,G3 F_3-9,3.455973,False,1.0,Fixed k=10,OP-01,VP-B,Femur,TRE_GROUP_2
case_bonereg_femur_pit_marker_trial_20260712_185312_719_model_on_20260712_185518,trial_20260712_185312_719,16,G3 F_3-10,4.458925,False,0.602,Fixed k=10,OP-01,VP-B,Femur,TRE_GROUP_2
case_bonereg_femur_pit_marker_trial_20260712_185312_719_model_on_20260712_185518,trial_20260712_185312_719,32,G6 F_6-5,2.914511,True,1.0,Fixed k=10,OP-01,VP-B,Femur,TRE_GROUP_2
case_bonereg_femur_pit_marker_trial_20260712_185312_719_model_on_20260712_185518,trial_20260712_185312_719,33,G6 F_6-6,2.141121,True,0.86,Fixed k=10,OP-01,VP-B,Femur,TRE_GROUP_2
case_bonereg_femur_pit_marker_trial_20260712_185312_719_model_on_20260712_185518,trial_20260712_185312_719,38,G7 F_7-5,0.954773,True,1.0,Fixed k=10,OP-01,VP-B,Femur,TRE_GROUP_2
case_bonereg_femur_pit_marker_trial_20260712_185556_849_model_on_20260712_185751,trial_20260712_185556_849,5,G1 F_1-14,1.676261,True,1.0,Fixed k=10,OP-01,VP-A,Femur,TRE_GROUP_3
case_bonereg_femur_pit_marker_trial_20260712_185556_849_model_on_20260712_185751,trial_20260712_185556_849,6,G2 F_2-3,3.075471,False,1.0,Fixed k=10,OP-01,VP-A,Femur,TRE_GROUP_3
case_bonereg_femur_pit_marker_trial_20260712_185556_849_model_on_20260712_185751,trial_20260712_185556_849,21,G4 F_4-5,2.434402,True,1.0,Fixed k=10,OP-01,VP-A,Femur,TRE_GROUP_3
case_bonereg_femur_pit_marker_trial_20260712_185556_849_model_on_20260712_185751,trial_20260712_185556_849,27,G5 F_5-5,3.441524,False,1.0,Fixed k=10,OP-01,VP-A,Femur,TRE_GROUP_3
case_bonereg_femur_pit_marker_trial_20260712_185556_849_model_on_20260712_185751,trial_20260712_185556_849,30,G6 F_6-2,1.608777,True,1.0,Fixed k=10,OP-01,VP-A,Femur,TRE_GROUP_3
case_bonereg_femur_pit_marker_trial_20260712_185556_849_model_on_20260712_185751,trial_20260712_185556_849,34,G7 F_7-1,3.487203,False,1.0,Fixed k=10,OP-01,VP-A,Femur,TRE_GROUP_3
case_bonereg_femur_pit_marker_trial_20260712_185556_849_model_on_20260712_185751,trial_20260712_185556_849,37,G7 F_7-4,3.499687,False,0.42588,Fixed k=10,OP-01,VP-A,Femur,TRE_GROUP_3
case_bonereg_femur_pit_marker_trial_20260712_185822_912_model_on_20260712_185948,trial_20260712_185822_912,4,G1 F_1-13,1.705275,True,0.6708,Fixed k=10,OP-01,VP-A,Femur,TRE_GROUP_1
case_bonereg_femur_pit_marker_trial_20260712_185822_912_model_on_20260712_185948,trial_20260712_185822_912,8,G2 F_2-6,2.133759,True,1.0,Fixed k=10,OP-01,VP-A,Femur,TRE_GROUP_1
case_bonereg_femur_pit_marker_trial_20260712_185822_912_model_on_20260712_185948,trial_20260712_185822_912,11,G2 F_2-14,3.306164,False,1.0,Fixed k=10,OP-01,VP-A,Femur,TRE_GROUP_1
case_bonereg_femur_pit_marker_trial_20260712_185822_912_model_on_20260712_185948,trial_20260712_185822_912,14,G3 F_3-7,2.261292,True,1.0,Fixed k=10,OP-01,VP-A,Femur,TRE_GROUP_1
case_bonereg_femur_pit_marker_trial_20260712_185822_912_model_on_20260712_185948,trial_20260712_185822_912,20,G4 F_4-4,1.003993,True,0.86,Fixed k=10,OP-01,VP-A,Femur,TRE_GROUP_1
case_bonereg_femur_pit_marker_trial_20260712_185822_912_model_on_20260712_185948,trial_20260712_185822_912,28,G5 F_5-6,2.450582,True,1.0,Fixed k=10,OP-01,VP-A,Femur,TRE_GROUP_1
case_bonereg_femur_pit_marker_trial_20260712_185822_912_model_on_20260712_185948,trial_20260712_185822_912,45,G8 F_8-20,2.788585,True,0.88,Fixed k=10,OP-01,VP-A,Femur,TRE_GROUP_1
case_bonereg_femur_pit_marker_trial_20260712_190021_251_model_on_20260712_190159,trial_20260712_190021_251,5,G1 F_1-14,1.148164,True,0.86,Fixed k=10,OP-02,VP-B,Femur,TRE_GROUP_3
case_bonereg_femur_pit_marker_trial_20260712_190021_251_model_on_20260712_190159,trial_20260712_190021_251,6,G2 F_2-3,1.409395,True,1.0,Fixed k=10,OP-02,VP-B,Femur,TRE_GROUP_3
case_bonereg_femur_pit_marker_trial_20260712_190021_251_model_on_20260712_190159,trial_20260712_190021_251,21,G4 F_4-5,2.852966,True,1.0,Fixed k=10,OP-02,VP-B,Femur,TRE_GROUP_3
case_bonereg_femur_pit_marker_trial_20260712_190021_251_model_on_20260712_190159,trial_20260712_190021_251,27,G5 F_5-5,2.687118,True,1.0,Fixed k=10,OP-02,VP-B,Femur,TRE_GROUP_3
case_bonereg_femur_pit_marker_trial_20260712_190021_251_model_on_20260712_190159,trial_20260712_190021_251,30,G6 F_6-2,4.236586,False,1.0,Fixed k=10,OP-02,VP-B,Femur,TRE_GROUP_3
case_bonereg_femur_pit_marker_trial_20260712_190021_251_model_on_20260712_190159,trial_20260712_190021_251,34,G7 F_7-1,1.053364,True,1.0,Fixed k=10,OP-02,VP-B,Femur,TRE_GROUP_3
case_bonereg_femur_pit_marker_trial_20260712_190021_251_model_on_20260712_190159,trial_20260712_190021_251,37,G7 F_7-4,0.646867,True,1.0,Fixed k=10,OP-02,VP-B,Femur,TRE_GROUP_3
case_bonereg_femur_pit_marker_trial_20260712_190228_571_model_on_20260712_190401,trial_20260712_190228_571,4,G1 F_1-13,2.196017,True,0.82,Fixed k=10,OP-02,VP-B,Femur,TRE_GROUP_1
case_bonereg_femur_pit_marker_trial_20260712_190228_571_model_on_20260712_190401,trial_20260712_190228_571,8,G2 F_2-6,1.790857,True,1.0,Fixed k=10,OP-02,VP-B,Femur,TRE_GROUP_1
case_bonereg_femur_pit_marker_trial_20260712_190228_571_model_on_20260712_190401,trial_20260712_190228_571,11,G2 F_2-14,3.093421,False,0.82,Fixed k=10,OP-02,VP-B,Femur,TRE_GROUP_1
case_bonereg_femur_pit_marker_trial_20260712_190228_571_model_on_20260712_190401,trial_20260712_190228_571,14,G3 F_3-7,2.718084,True,0.82,Fixed k=10,OP-02,VP-B,Femur,TRE_GROUP_1
case_bonereg_femur_pit_marker_trial_20260712_190228_571_model_on_20260712_190401,trial_20260712_190228_571,20,G4 F_4-4,1.876248,True,0.82,Fixed k=10,OP-02,VP-B,Femur,TRE_GROUP_1
case_bonereg_femur_pit_marker_trial_20260712_190228_571_model_on_20260712_190401,trial_20260712_190228_571,28,G5 F_5-6,1.469939,True,1.0,Fixed k=10,OP-02,VP-B,Femur,TRE_GROUP_1
case_bonereg_femur_pit_marker_trial_20260712_190228_571_model_on_20260712_190401,trial_20260712_190228_571,45,G8 F_8-20,1.883877,True,0.82,Fixed k=10,OP-02,VP-B,Femur,TRE_GROUP_1
case_bonereg_femur_pit_marker_trial_20260712_190433_485_model_on_20260712_190641,trial_20260712_190433_485,0,G1 F_1-2,0.630377,True,1.0,Fixed k=10,OP-02,VP-A,Femur,TRE_GROUP_2
case_bonereg_femur_pit_marker_trial_20260712_190433_485_model_on_20260712_190641,trial_20260712_190433_485,1,G1 F_1-4,5.87633,False,1.0,Fixed k=10,OP-02,VP-A,Femur,TRE_GROUP_2
case_bonereg_femur_pit_marker_trial_20260712_190433_485_model_on_20260712_190641,trial_20260712_190433_485,15,G3 F_3-9,4.213654,False,1.0,Fixed k=10,OP-02,VP-A,Femur,TRE_GROUP_2
case_bonereg_femur_pit_marker_trial_20260712_190433_485_model_on_20260712_190641,trial_20260712_190433_485,16,G3 F_3-10,2.746347,True,0.82,Fixed k=10,OP-02,VP-A,Femur,TRE_GROUP_2
case_bonereg_femur_pit_marker_trial_20260712_190433_485_model_on_20260712_190641,trial_20260712_190433_485,32,G6 F_6-5,4.411362,False,1.0,Fixed k=10,OP-02,VP-A,Femur,TRE_GROUP_2
case_bonereg_femur_pit_marker_trial_20260712_190433_485_model_on_20260712_190641,trial_20260712_190433_485,33,G6 F_6-6,1.430306,True,0.82,Fixed k=10,OP-02,VP-A,Femur,TRE_GROUP_2
case_bonereg_femur_pit_marker_trial_20260712_190433_485_model_on_20260712_190641,trial_20260712_190433_485,38,G7 F_7-5,0.374884,True,0.82,Fixed k=10,OP-02,VP-A,Femur,TRE_GROUP_2
case_bonereg_femur_pit_marker_trial_20260712_190721_535_model_on_20260712_190911,trial_20260712_190721_535,5,G1 F_1-14,0.807183,True,0.82,Fixed k=10,OP-03,VP-A,Femur,TRE_GROUP_3
case_bonereg_femur_pit_marker_trial_20260712_190721_535_model_on_20260712_190911,trial_20260712_190721_535,21,G4 F_4-5,2.878385,True,0.82,Fixed k=10,OP-03,VP-A,Femur,TRE_GROUP_3
case_bonereg_femur_pit_marker_trial_20260712_190721_535_model_on_20260712_190911,trial_20260712_190721_535,27,G5 F_5-5,2.058299,True,1.0,Fixed k=10,OP-03,VP-A,Femur,TRE_GROUP_3
case_bonereg_femur_pit_marker_trial_20260712_190721_535_model_on_20260712_190911,trial_20260712_190721_535,30,G6 F_6-2,2.829004,True,0.82,Fixed k=10,OP-03,VP-A,Femur,TRE_GROUP_3
case_bonereg_femur_pit_marker_trial_20260712_190721_535_model_on_20260712_190911,trial_20260712_190721_535,34,G7 F_7-1,3.286944,False,1.0,Fixed k=10,OP-03,VP-A,Femur,TRE_GROUP_3
case_bonereg_femur_pit_marker_trial_20260712_190721_535_model_on_20260712_190911,trial_20260712_190721_535,37,G7 F_7-4,2.894884,True,1.0,Fixed k=10,OP-03,VP-A,Femur,TRE_GROUP_3
case_bonereg_femur_pit_marker_trial_20260712_190721_535_model_on_20260712_190911,trial_20260712_190721_535,6,G2 F_2-3,1.935328,True,0.82,Fixed k=10,OP-03,VP-A,Femur,TRE_GROUP_3
case_bonereg_femur_pit_marker_trial_20260712_190947_478_model_on_20260712_191122,trial_20260712_190947_478,4,G1 F_1-13,0.86445,True,1.0,Fixed k=10,OP-03,VP-A,Femur,TRE_GROUP_1
case_bonereg_femur_pit_marker_trial_20260712_190947_478_model_on_20260712_191122,trial_20260712_190947_478,8,G2 F_2-6,0.813319,True,0.82,Fixed k=10,OP-03,VP-A,Femur,TRE_GROUP_1
case_bonereg_femur_pit_marker_trial_20260712_190947_478_model_on_20260712_191122,trial_20260712_190947_478,11,G2 F_2-14,3.988673,False,0.6708,Fixed k=10,OP-03,VP-A,Femur,TRE_GROUP_1
case_bonereg_femur_pit_marker_trial_20260712_190947_478_model_on_20260712_191122,trial_20260712_190947_478,14,G3 F_3-7,4.439766,False,0.82,Fixed k=10,OP-03,VP-A,Femur,TRE_GROUP_1
case_bonereg_femur_pit_marker_trial_20260712_190947_478_model_on_20260712_191122,trial_20260712_190947_478,20,G4 F_4-4,1.388829,True,0.82,Fixed k=10,OP-03,VP-A,Femur,TRE_GROUP_1
case_bonereg_femur_pit_marker_trial_20260712_190947_478_model_on_20260712_191122,trial_20260712_190947_478,28,G5 F_5-6,3.870577,False,0.82,Fixed k=10,OP-03,VP-A,Femur,TRE_GROUP_1
case_bonereg_femur_pit_marker_trial_20260712_190947_478_model_on_20260712_191122,trial_20260712_190947_478,45,G8 F_8-20,3.693226,False,0.6708,Fixed k=10,OP-03,VP-A,Femur,TRE_GROUP_1
case_bonereg_femur_pit_marker_trial_20260712_191159_393_model_on_20260712_191318,trial_20260712_191159_393,0,G1 F_1-2,0.470521,True,0.82,Fixed k=10,OP-03,VP-B,Femur,TRE_GROUP_2
case_bonereg_femur_pit_marker_trial_20260712_191159_393_model_on_20260712_191318,trial_20260712_191159_393,1,G1 F_1-4,1.686037,True,0.6708,Fixed k=10,OP-03,VP-B,Femur,TRE_GROUP_2
case_bonereg_femur_pit_marker_trial_20260712_191159_393_model_on_20260712_191318,trial_20260712_191159_393,15,G3 F_3-9,3.55773,False,0.82,Fixed k=10,OP-03,VP-B,Femur,TRE_GROUP_2
case_bonereg_femur_pit_marker_trial_20260712_191159_393_model_on_20260712_191318,trial_20260712_191159_393,16,G3 F_3-10,3.0408,False,0.42588,Fixed k=10,OP-03,VP-B,Femur,TRE_GROUP_2
case_bonereg_femur_pit_marker_trial_20260712_191159_393_model_on_20260712_191318,trial_20260712_191159_393,32,G6 F_6-5,2.009149,True,1.0,Fixed k=10,OP-03,VP-B,Femur,TRE_GROUP_2
case_bonereg_femur_pit_marker_trial_20260712_191159_393_model_on_20260712_191318,trial_20260712_191159_393,33,G6 F_6-6,3.091874,False,0.82,Fixed k=10,OP-03,VP-B,Femur,TRE_GROUP_2
case_bonereg_femur_pit_marker_trial_20260712_191159_393_model_on_20260712_191318,trial_20260712_191159_393,38,G7 F_7-5,0.963213,True,0.82,Fixed k=10,OP-03,VP-B,Femur,TRE_GROUP_2
case_bonereg_femur_pit_marker_trial_20260712_191425_005_model_on_20260712_191752,trial_20260712_191425_005,5,G1 F_1-14,0.820054,True,0.82,Adaptive,OP-01,VP-B,Femur,TRE_GROUP_3
case_bonereg_femur_pit_marker_trial_20260712_191425_005_model_on_20260712_191752,trial_20260712_191425_005,6,G2 F_2-3,1.301039,True,1.0,Adaptive,OP-01,VP-B,Femur,TRE_GROUP_3
case_bonereg_femur_pit_marker_trial_20260712_191425_005_model_on_20260712_191752,trial_20260712_191425_005,21,G4 F_4-5,1.094197,True,0.42588,Adaptive,OP-01,VP-B,Femur,TRE_GROUP_3
case_bonereg_femur_pit_marker_trial_20260712_191425_005_model_on_20260712_191752,trial_20260712_191425_005,27,G5 F_5-5,0.603663,True,1.0,Adaptive,OP-01,VP-B,Femur,TRE_GROUP_3
case_bonereg_femur_pit_marker_trial_20260712_191425_005_model_on_20260712_191752,trial_20260712_191425_005,30,G6 F_6-2,0.642293,True,1.0,Adaptive,OP-01,VP-B,Femur,TRE_GROUP_3
case_bonereg_femur_pit_marker_trial_20260712_191425_005_model_on_20260712_191752,trial_20260712_191425_005,34,G7 F_7-1,1.038324,True,0.82,Adaptive,OP-01,VP-B,Femur,TRE_GROUP_3
case_bonereg_femur_pit_marker_trial_20260712_191425_005_model_on_20260712_191752,trial_20260712_191425_005,37,G7 F_7-4,1.413238,True,0.49364,Adaptive,OP-01,VP-B,Femur,TRE_GROUP_3
case_bonereg_femur_pit_marker_trial_20260712_191821_713_model_on_20260712_192114,trial_20260712_191821_713,4,G1 F_1-13,0.975469,True,0.82,Adaptive,OP-01,VP-B,Femur,TRE_GROUP_1
case_bonereg_femur_pit_marker_trial_20260712_191821_713_model_on_20260712_192114,trial_20260712_191821_713,8,G2 F_2-6,0.663151,True,0.82,Adaptive,OP-01,VP-B,Femur,TRE_GROUP_1
case_bonereg_femur_pit_marker_trial_20260712_191821_713_model_on_20260712_192114,trial_20260712_191821_713,11,G2 F_2-14,0.975147,True,1.0,Adaptive,OP-01,VP-B,Femur,TRE_GROUP_1
case_bonereg_femur_pit_marker_trial_20260712_191821_713_model_on_20260712_192114,trial_20260712_191821_713,14,G3 F_3-7,1.438388,True,1.0,Adaptive,OP-01,VP-B,Femur,TRE_GROUP_1
case_bonereg_femur_pit_marker_trial_20260712_191821_713_model_on_20260712_192114,trial_20260712_191821_713,20,G4 F_4-4,1.311087,True,0.82,Adaptive,OP-01,VP-B,Femur,TRE_GROUP_1
case_bonereg_femur_pit_marker_trial_20260712_191821_713_model_on_20260712_192114,trial_20260712_191821_713,28,G5 F_5-6,1.004906,True,1.0,Adaptive,OP-01,VP-B,Femur,TRE_GROUP_1
case_bonereg_femur_pit_marker_trial_20260712_191821_713_model_on_20260712_192114,trial_20260712_191821_713,45,G8 F_8-20,1.39649,True,1.0,Adaptive,OP-01,VP-B,Femur,TRE_GROUP_1
case_bonereg_femur_pit_marker_trial_20260712_192155_831_model_on_20260712_192401,trial_20260712_192155_831,0,G1 F_1-2,1.337489,True,0.602,Adaptive,OP-01,VP-A,Femur,TRE_GROUP_2
case_bonereg_femur_pit_marker_trial_20260712_192155_831_model_on_20260712_192401,trial_20260712_192155_831,1,G1 F_1-4,0.740075,True,0.6708,Adaptive,OP-01,VP-A,Femur,TRE_GROUP_2
case_bonereg_femur_pit_marker_trial_20260712_192155_831_model_on_20260712_192401,trial_20260712_192155_831,15,G3 F_3-9,0.452468,True,0.42588,Adaptive,OP-01,VP-A,Femur,TRE_GROUP_2
case_bonereg_femur_pit_marker_trial_20260712_192155_831_model_on_20260712_192401,trial_20260712_192155_831,16,G3 F_3-10,1.153492,True,0.42588,Adaptive,OP-01,VP-A,Femur,TRE_GROUP_2
case_bonereg_femur_pit_marker_trial_20260712_192155_831_model_on_20260712_192401,trial_20260712_192155_831,32,G6 F_6-5,1.23888,True,1.0,Adaptive,OP-01,VP-A,Femur,TRE_GROUP_2
case_bonereg_femur_pit_marker_trial_20260712_192155_831_model_on_20260712_192401,trial_20260712_192155_831,33,G6 F_6-6,0.785675,True,0.82,Adaptive,OP-01,VP-A,Femur,TRE_GROUP_2
case_bonereg_femur_pit_marker_trial_20260712_192155_831_model_on_20260712_192401,trial_20260712_192155_831,38,G7 F_7-5,1.454345,True,0.6708,Adaptive,OP-01,VP-A,Femur,TRE_GROUP_2
case_bonereg_femur_pit_marker_trial_20260712_192435_927_model_on_20260712_192641,trial_20260712_192435_927,0,G1 F_1-2,0.781828,True,0.82,Adaptive,OP-02,VP-B,Femur,TRE_GROUP_2
case_bonereg_femur_pit_marker_trial_20260712_192435_927_model_on_20260712_192641,trial_20260712_192435_927,1,G1 F_1-4,0.634966,True,1.0,Adaptive,OP-02,VP-B,Femur,TRE_GROUP_2
case_bonereg_femur_pit_marker_trial_20260712_192435_927_model_on_20260712_192641,trial_20260712_192435_927,15,G3 F_3-9,1.294456,True,0.88,Adaptive,OP-02,VP-B,Femur,TRE_GROUP_2
case_bonereg_femur_pit_marker_trial_20260712_192435_927_model_on_20260712_192641,trial_20260712_192435_927,16,G3 F_3-10,0.794972,True,0.82,Adaptive,OP-02,VP-B,Femur,TRE_GROUP_2
case_bonereg_femur_pit_marker_trial_20260712_192435_927_model_on_20260712_192641,trial_20260712_192435_927,32,G6 F_6-5,0.966526,True,1.0,Adaptive,OP-02,VP-B,Femur,TRE_GROUP_2
case_bonereg_femur_pit_marker_trial_20260712_192435_927_model_on_20260712_192641,trial_20260712_192435_927,33,G6 F_6-6,1.263542,True,0.82,Adaptive,OP-02,VP-B,Femur,TRE_GROUP_2
case_bonereg_femur_pit_marker_trial_20260712_192435_927_model_on_20260712_192641,trial_20260712_192435_927,38,G7 F_7-5,0.673993,True,0.6708,Adaptive,OP-02,VP-B,Femur,TRE_GROUP_2
case_bonereg_femur_pit_marker_trial_20260712_192711_723_model_on_20260712_193032,trial_20260712_192711_723,5,G1 F_1-14,0.665429,True,0.82,Adaptive,OP-02,VP-A,Femur,TRE_GROUP_3
case_bonereg_femur_pit_marker_trial_20260712_192711_723_model_on_20260712_193032,trial_20260712_192711_723,6,G2 F_2-3,1.369757,True,1.0,Adaptive,OP-02,VP-A,Femur,TRE_GROUP_3
case_bonereg_femur_pit_marker_trial_20260712_192711_723_model_on_20260712_193032,trial_20260712_192711_723,21,G4 F_4-5,1.339553,True,1.0,Adaptive,OP-02,VP-A,Femur,TRE_GROUP_3
case_bonereg_femur_pit_marker_trial_20260712_192711_723_model_on_20260712_193032,trial_20260712_192711_723,27,G5 F_5-5,0.609746,True,0.602,Adaptive,OP-02,VP-A,Femur,TRE_GROUP_3
case_bonereg_femur_pit_marker_trial_20260712_192711_723_model_on_20260712_193032,trial_20260712_192711_723,30,G6 F_6-2,1.442521,True,1.0,Adaptive,OP-02,VP-A,Femur,TRE_GROUP_3
case_bonereg_femur_pit_marker_trial_20260712_192711_723_model_on_20260712_193032,trial_20260712_192711_723,34,G7 F_7-1,0.786035,True,0.82,Adaptive,OP-02,VP-A,Femur,TRE_GROUP_3
case_bonereg_femur_pit_marker_trial_20260712_192711_723_model_on_20260712_193032,trial_20260712_192711_723,37,G7 F_7-4,1.556043,True,0.82,Adaptive,OP-02,VP-A,Femur,TRE_GROUP_3
case_bonereg_femur_pit_marker_trial_20260712_193100_219_model_on_20260712_193248,trial_20260712_193100_219,4,G1 F_1-13,1.187976,True,0.602,Adaptive,OP-02,VP-A,Femur,TRE_GROUP_1
case_bonereg_femur_pit_marker_trial_20260712_193100_219_model_on_20260712_193248,trial_20260712_193100_219,8,G2 F_2-6,0.290856,True,1.0,Adaptive,OP-02,VP-A,Femur,TRE_GROUP_1
case_bonereg_femur_pit_marker_trial_20260712_193100_219_model_on_20260712_193248,trial_20260712_193100_219,11,G2 F_2-14,0.920442,True,0.6708,Adaptive,OP-02,VP-A,Femur,TRE_GROUP_1
case_bonereg_femur_pit_marker_trial_20260712_193100_219_model_on_20260712_193248,trial_20260712_193100_219,14,G3 F_3-7,0.894544,True,0.42588,Adaptive,OP-02,VP-A,Femur,TRE_GROUP_1
case_bonereg_femur_pit_marker_trial_20260712_193100_219_model_on_20260712_193248,trial_20260712_193100_219,20,G4 F_4-4,0.683017,True,0.86,Adaptive,OP-02,VP-A,Femur,TRE_GROUP_1
case_bonereg_femur_pit_marker_trial_20260712_193100_219_model_on_20260712_193248,trial_20260712_193100_219,28,G5 F_5-6,0.945913,True,0.42588,Adaptive,OP-02,VP-A,Femur,TRE_GROUP_1
case_bonereg_femur_pit_marker_trial_20260712_193100_219_model_on_20260712_193248,trial_20260712_193100_219,45,G8 F_8-20,1.320342,True,1.0,Adaptive,OP-02,VP-A,Femur,TRE_GROUP_1
case_bonereg_femur_pit_marker_trial_20260712_193447_267_model_on_20260712_193727,trial_20260712_193447_267,0,G1 F_1-2,0.894724,True,0.6708,Adaptive,OP-03,VP-A,Femur,TRE_GROUP_2
case_bonereg_femur_pit_marker_trial_20260712_193447_267_model_on_20260712_193727,trial_20260712_193447_267,1,G1 F_1-4,0.582857,True,0.82,Adaptive,OP-03,VP-A,Femur,TRE_GROUP_2
case_bonereg_femur_pit_marker_trial_20260712_193447_267_model_on_20260712_193727,trial_20260712_193447_267,15,G3 F_3-9,0.665929,True,0.82,Adaptive,OP-03,VP-A,Femur,TRE_GROUP_2
case_bonereg_femur_pit_marker_trial_20260712_193447_267_model_on_20260712_193727,trial_20260712_193447_267,16,G3 F_3-10,1.07803,True,0.82,Adaptive,OP-03,VP-A,Femur,TRE_GROUP_2
case_bonereg_femur_pit_marker_trial_20260712_193447_267_model_on_20260712_193727,trial_20260712_193447_267,32,G6 F_6-5,0.80471,True,1.0,Adaptive,OP-03,VP-A,Femur,TRE_GROUP_2
case_bonereg_femur_pit_marker_trial_20260712_193447_267_model_on_20260712_193727,trial_20260712_193447_267,33,G6 F_6-6,0.646431,True,0.82,Adaptive,OP-03,VP-A,Femur,TRE_GROUP_2
case_bonereg_femur_pit_marker_trial_20260712_193447_267_model_on_20260712_193727,trial_20260712_193447_267,38,G7 F_7-5,0.65699,True,0.42588,Adaptive,OP-03,VP-A,Femur,TRE_GROUP_2
case_bonereg_femur_pit_marker_trial_20260712_193819_101_model_on_20260712_194021,trial_20260712_193819_101,5,G1 F_1-14,1.442947,True,0.86,Adaptive,OP-03,VP-B,Femur,TRE_GROUP_3
case_bonereg_femur_pit_marker_trial_20260712_193819_101_model_on_20260712_194021,trial_20260712_193819_101,6,G2 F_2-3,1.074826,True,1.0,Adaptive,OP-03,VP-B,Femur,TRE_GROUP_3
case_bonereg_femur_pit_marker_trial_20260712_193819_101_model_on_20260712_194021,trial_20260712_193819_101,21,G4 F_4-5,0.905511,True,0.82,Adaptive,OP-03,VP-B,Femur,TRE_GROUP_3
case_bonereg_femur_pit_marker_trial_20260712_193819_101_model_on_20260712_194021,trial_20260712_193819_101,27,G5 F_5-5,0.945071,True,1.0,Adaptive,OP-03,VP-B,Femur,TRE_GROUP_3
case_bonereg_femur_pit_marker_trial_20260712_193819_101_model_on_20260712_194021,trial_20260712_193819_101,30,G6 F_6-2,1.544965,True,1.0,Adaptive,OP-03,VP-B,Femur,TRE_GROUP_3
case_bonereg_femur_pit_marker_trial_20260712_193819_101_model_on_20260712_194021,trial_20260712_193819_101,34,G7 F_7-1,1.070612,True,0.82,Adaptive,OP-03,VP-B,Femur,TRE_GROUP_3
case_bonereg_femur_pit_marker_trial_20260712_193819_101_model_on_20260712_194021,trial_20260712_193819_101,37,G7 F_7-4,0.443537,True,1.0,Adaptive,OP-03,VP-B,Femur,TRE_GROUP_3
case_bonereg_femur_pit_marker_trial_20260712_194210_972_model_on_20260712_194456,trial_20260712_194210_972,4,G1 F_1-13,1.415081,True,0.482976,Adaptive,OP-03,VP-B,Femur,TRE_GROUP_1
case_bonereg_femur_pit_marker_trial_20260712_194210_972_model_on_20260712_194456,trial_20260712_194210_972,8,G2 F_2-6,0.341472,True,1.0,Adaptive,OP-03,VP-B,Femur,TRE_GROUP_1
case_bonereg_femur_pit_marker_trial_20260712_194210_972_model_on_20260712_194456,trial_20260712_194210_972,11,G2 F_2-14,1.427165,True,1.0,Adaptive,OP-03,VP-B,Femur,TRE_GROUP_1
case_bonereg_femur_pit_marker_trial_20260712_194210_972_model_on_20260712_194456,trial_20260712_194210_972,14,G3 F_3-7,0.948643,True,1.0,Adaptive,OP-03,VP-B,Femur,TRE_GROUP_1
case_bonereg_femur_pit_marker_trial_20260712_194210_972_model_on_20260712_194456,trial_20260712_194210_972,20,G4 F_4-4,1.060439,True,0.82,Adaptive,OP-03,VP-B,Femur,TRE_GROUP_1
case_bonereg_femur_pit_marker_trial_20260712_194210_972_model_on_20260712_194456,trial_20260712_194210_972,28,G5 F_5-6,1.259586,True,1.0,Adaptive,OP-03,VP-B,Femur,TRE_GROUP_1
case_bonereg_femur_pit_marker_trial_20260712_194210_972_model_on_20260712_194456,trial_20260712_194210_972,45,G8 F_8-20,0.808054,True,1.0,Adaptive,OP-03,VP-B,Femur,TRE_GROUP_1
case_bonereg_tibia_pit_marker_trial_20260712_171915_493_model_on_20260712_172309,trial_20260712_171915_493,2,G1 T_1-3,0.857582,True,1.0,Adaptive,OP-01,VP-A,Tibia,TRE_GROUP_1
case_bonereg_tibia_pit_marker_trial_20260712_171915_493_model_on_20260712_172309,trial_20260712_171915_493,7,G1 T_1-13,0.72105,True,0.35,Adaptive,OP-01,VP-A,Tibia,TRE_GROUP_1
case_bonereg_tibia_pit_marker_trial_20260712_171915_493_model_on_20260712_172309,trial_20260712_171915_493,8,G1 T_1-14,1.165868,True,0.82,Adaptive,OP-01,VP-A,Tibia,TRE_GROUP_1
case_bonereg_tibia_pit_marker_trial_20260712_171915_493_model_on_20260712_172309,trial_20260712_171915_493,14,G2 T_2-12,0.86603,True,0.82,Adaptive,OP-01,VP-A,Tibia,TRE_GROUP_1
case_bonereg_tibia_pit_marker_trial_20260712_171915_493_model_on_20260712_172309,trial_20260712_171915_493,30,G5 T_5-4,1.272594,True,0.82,Adaptive,OP-01,VP-A,Tibia,TRE_GROUP_1
case_bonereg_tibia_pit_marker_trial_20260712_171915_493_model_on_20260712_172309,trial_20260712_171915_493,50,G8 T_8-19,0.806618,True,0.82,Adaptive,OP-01,VP-A,Tibia,TRE_GROUP_1
case_bonereg_tibia_pit_marker_trial_20260712_171915_493_model_on_20260712_172309,trial_20260712_171915_493,53,G8 T_8-12,0.862276,True,1.0,Adaptive,OP-01,VP-A,Tibia,TRE_GROUP_1
case_bonereg_tibia_pit_marker_trial_20260712_172351_492_model_on_20260712_172540,trial_20260712_172351_492,0,G1 T_1-1,2.630805,True,0.42588,Fixed k=10,OP-01,VP-A,Tibia,TRE_GROUP_2
case_bonereg_tibia_pit_marker_trial_20260712_172351_492_model_on_20260712_172540,trial_20260712_172351_492,19,G3 T_3-7,2.087016,True,0.51772,Fixed k=10,OP-01,VP-A,Tibia,TRE_GROUP_2
case_bonereg_tibia_pit_marker_trial_20260712_172351_492_model_on_20260712_172540,trial_20260712_172351_492,35,G6 T_6-2,2.845265,True,0.82,Fixed k=10,OP-01,VP-A,Tibia,TRE_GROUP_2
case_bonereg_tibia_pit_marker_trial_20260712_172351_492_model_on_20260712_172540,trial_20260712_172351_492,37,G6 T_6-5,2.640913,True,0.82,Fixed k=10,OP-01,VP-A,Tibia,TRE_GROUP_2
case_bonereg_tibia_pit_marker_trial_20260712_172351_492_model_on_20260712_172540,trial_20260712_172351_492,52,G8 T_8-7,2.144625,True,0.82,Fixed k=10,OP-01,VP-A,Tibia,TRE_GROUP_2
case_bonereg_tibia_pit_marker_trial_20260712_172351_492_model_on_20260712_172540,trial_20260712_172351_492,54,G8 T_8-21,1.467297,True,0.82,Fixed k=10,OP-01,VP-A,Tibia,TRE_GROUP_2
case_bonereg_tibia_pit_marker_trial_20260712_172351_492_model_on_20260712_172540,trial_20260712_172351_492,55,G8 T_8-16,2.866942,True,0.42588,Fixed k=10,OP-01,VP-A,Tibia,TRE_GROUP_2
case_bonereg_tibia_pit_marker_trial_20260712_172620_844_model_on_20260712_172836,trial_20260712_172620_844,1,G1 T_1-2,1.147289,True,1.0,Adaptive,OP-01,VP-A,Tibia,TRE_GROUP_3
case_bonereg_tibia_pit_marker_trial_20260712_172620_844_model_on_20260712_172836,trial_20260712_172620_844,4,G1 T_1-5,0.99768,True,1.0,Adaptive,OP-01,VP-A,Tibia,TRE_GROUP_3
case_bonereg_tibia_pit_marker_trial_20260712_172620_844_model_on_20260712_172836,trial_20260712_172620_844,18,G3 T_3-6,0.931404,True,0.82,Adaptive,OP-01,VP-A,Tibia,TRE_GROUP_3
case_bonereg_tibia_pit_marker_trial_20260712_172620_844_model_on_20260712_172836,trial_20260712_172620_844,23,G4 T_4-6,0.785747,True,0.82,Adaptive,OP-01,VP-A,Tibia,TRE_GROUP_3
case_bonereg_tibia_pit_marker_trial_20260712_172620_844_model_on_20260712_172836,trial_20260712_172620_844,38,G6 T_6-6,0.825795,True,0.82,Adaptive,OP-01,VP-A,Tibia,TRE_GROUP_3
case_bonereg_tibia_pit_marker_trial_20260712_172620_844_model_on_20260712_172836,trial_20260712_172620_844,40,G7 T_7-1,1.225387,True,1.0,Adaptive,OP-01,VP-A,Tibia,TRE_GROUP_3
case_bonereg_tibia_pit_marker_trial_20260712_172620_844_model_on_20260712_172836,trial_20260712_172620_844,51,G8 T_8-8,0.853638,True,0.6708,Adaptive,OP-01,VP-A,Tibia,TRE_GROUP_3
case_bonereg_tibia_pit_marker_trial_20260712_172919_165_model_on_20260712_173057,trial_20260712_172919_165,2,G1 T_1-3,2.645408,True,0.82,Fixed k=10,OP-01,VP-B,Tibia,TRE_GROUP_1
case_bonereg_tibia_pit_marker_trial_20260712_172919_165_model_on_20260712_173057,trial_20260712_172919_165,7,G1 T_1-13,0.605827,True,0.6708,Fixed k=10,OP-01,VP-B,Tibia,TRE_GROUP_1
case_bonereg_tibia_pit_marker_trial_20260712_172919_165_model_on_20260712_173057,trial_20260712_172919_165,8,G1 T_1-14,3.626598,False,0.82,Fixed k=10,OP-01,VP-B,Tibia,TRE_GROUP_1
case_bonereg_tibia_pit_marker_trial_20260712_172919_165_model_on_20260712_173057,trial_20260712_172919_165,14,G2 T_2-12,2.196938,True,0.82,Fixed k=10,OP-01,VP-B,Tibia,TRE_GROUP_1
case_bonereg_tibia_pit_marker_trial_20260712_172919_165_model_on_20260712_173057,trial_20260712_172919_165,30,G5 T_5-4,2.08427,True,1.0,Fixed k=10,OP-01,VP-B,Tibia,TRE_GROUP_1
case_bonereg_tibia_pit_marker_trial_20260712_172919_165_model_on_20260712_173057,trial_20260712_172919_165,50,G8 T_8-19,1.309597,True,1.0,Fixed k=10,OP-01,VP-B,Tibia,TRE_GROUP_1
case_bonereg_tibia_pit_marker_trial_20260712_172919_165_model_on_20260712_173057,trial_20260712_172919_165,53,G8 T_8-12,2.066956,True,0.82,Fixed k=10,OP-01,VP-B,Tibia,TRE_GROUP_1
case_bonereg_tibia_pit_marker_trial_20260712_173449_714_model_on_20260712_173713,trial_20260712_173449_714,0,G1 T_1-1,0.759621,True,1.0,Adaptive,OP-01,VP-B,Tibia,TRE_GROUP_2
case_bonereg_tibia_pit_marker_trial_20260712_173449_714_model_on_20260712_173713,trial_20260712_173449_714,19,G3 T_3-7,1.008625,True,0.482976,Adaptive,OP-01,VP-B,Tibia,TRE_GROUP_2
case_bonereg_tibia_pit_marker_trial_20260712_173449_714_model_on_20260712_173713,trial_20260712_173449_714,35,G6 T_6-2,0.862957,True,0.42588,Adaptive,OP-01,VP-B,Tibia,TRE_GROUP_2
case_bonereg_tibia_pit_marker_trial_20260712_173449_714_model_on_20260712_173713,trial_20260712_173449_714,37,G6 T_6-5,1.251125,True,0.482976,Adaptive,OP-01,VP-B,Tibia,TRE_GROUP_2
case_bonereg_tibia_pit_marker_trial_20260712_173449_714_model_on_20260712_173713,trial_20260712_173449_714,52,G8 T_8-7,0.959206,True,0.482976,Adaptive,OP-01,VP-B,Tibia,TRE_GROUP_2
case_bonereg_tibia_pit_marker_trial_20260712_173449_714_model_on_20260712_173713,trial_20260712_173449_714,54,G8 T_8-21,0.811623,True,0.82,Adaptive,OP-01,VP-B,Tibia,TRE_GROUP_2
case_bonereg_tibia_pit_marker_trial_20260712_173449_714_model_on_20260712_173713,trial_20260712_173449_714,55,G8 T_8-16,0.799034,True,0.6708,Adaptive,OP-01,VP-B,Tibia,TRE_GROUP_2
case_bonereg_tibia_pit_marker_trial_20260712_173757_511_model_on_20260712_174048,trial_20260712_173757_511,1,G1 T_1-2,1.686404,True,1.0,Fixed k=10,OP-01,VP-B,Tibia,TRE_GROUP_3
case_bonereg_tibia_pit_marker_trial_20260712_173757_511_model_on_20260712_174048,trial_20260712_173757_511,4,G1 T_1-5,2.710159,True,1.0,Fixed k=10,OP-01,VP-B,Tibia,TRE_GROUP_3
case_bonereg_tibia_pit_marker_trial_20260712_173757_511_model_on_20260712_174048,trial_20260712_173757_511,18,G3 T_3-6,1.068622,True,1.0,Fixed k=10,OP-01,VP-B,Tibia,TRE_GROUP_3
case_bonereg_tibia_pit_marker_trial_20260712_173757_511_model_on_20260712_174048,trial_20260712_173757_511,23,G4 T_4-6,3.252617,False,1.0,Fixed k=10,OP-01,VP-B,Tibia,TRE_GROUP_3
case_bonereg_tibia_pit_marker_trial_20260712_173757_511_model_on_20260712_174048,trial_20260712_173757_511,38,G6 T_6-6,1.499578,True,0.82,Fixed k=10,OP-01,VP-B,Tibia,TRE_GROUP_3
case_bonereg_tibia_pit_marker_trial_20260712_173757_511_model_on_20260712_174048,trial_20260712_173757_511,40,G7 T_7-1,1.463175,True,0.6708,Fixed k=10,OP-01,VP-B,Tibia,TRE_GROUP_3
case_bonereg_tibia_pit_marker_trial_20260712_173757_511_model_on_20260712_174048,trial_20260712_173757_511,51,G8 T_8-8,1.358587,True,0.6708,Fixed k=10,OP-01,VP-B,Tibia,TRE_GROUP_3
case_bonereg_tibia_pit_marker_trial_20260712_180520_877_model_on_20260712_180813,trial_20260712_180520_877,1,G1 T_1-2,0.967664,True,0.6708,Adaptive,OP-02,VP-B,Tibia,TRE_GROUP_3
case_bonereg_tibia_pit_marker_trial_20260712_180520_877_model_on_20260712_180813,trial_20260712_180520_877,4,G1 T_1-5,0.71386,True,0.82,Adaptive,OP-02,VP-B,Tibia,TRE_GROUP_3
case_bonereg_tibia_pit_marker_trial_20260712_180520_877_model_on_20260712_180813,trial_20260712_180520_877,18,G3 T_3-6,1.508891,True,0.82,Adaptive,OP-02,VP-B,Tibia,TRE_GROUP_3
case_bonereg_tibia_pit_marker_trial_20260712_180520_877_model_on_20260712_180813,trial_20260712_180520_877,23,G4 T_4-6,0.87943,True,0.49364,Adaptive,OP-02,VP-B,Tibia,TRE_GROUP_3
case_bonereg_tibia_pit_marker_trial_20260712_180520_877_model_on_20260712_180813,trial_20260712_180520_877,38,G6 T_6-6,0.535087,True,0.82,Adaptive,OP-02,VP-B,Tibia,TRE_GROUP_3
case_bonereg_tibia_pit_marker_trial_20260712_180520_877_model_on_20260712_180813,trial_20260712_180520_877,40,G7 T_7-1,1.298311,True,1.0,Adaptive,OP-02,VP-B,Tibia,TRE_GROUP_3
case_bonereg_tibia_pit_marker_trial_20260712_180520_877_model_on_20260712_180813,trial_20260712_180520_877,51,G8 T_8-8,1.323516,True,0.86,Adaptive,OP-02,VP-B,Tibia,TRE_GROUP_3
case_bonereg_tibia_pit_marker_trial_20260712_180845_975_model_on_20260712_181128,trial_20260712_180845_975,0,G1 T_1-1,0.626262,True,1.0,Adaptive,OP-02,VP-A,Tibia,TRE_GROUP_2
case_bonereg_tibia_pit_marker_trial_20260712_180845_975_model_on_20260712_181128,trial_20260712_180845_975,19,G3 T_3-7,1.105017,True,0.49364,Adaptive,OP-02,VP-A,Tibia,TRE_GROUP_2
case_bonereg_tibia_pit_marker_trial_20260712_180845_975_model_on_20260712_181128,trial_20260712_180845_975,35,G6 T_6-2,1.280776,True,0.82,Adaptive,OP-02,VP-A,Tibia,TRE_GROUP_2
case_bonereg_tibia_pit_marker_trial_20260712_180845_975_model_on_20260712_181128,trial_20260712_180845_975,37,G6 T_6-5,1.35608,True,0.482976,Adaptive,OP-02,VP-A,Tibia,TRE_GROUP_2
case_bonereg_tibia_pit_marker_trial_20260712_180845_975_model_on_20260712_181128,trial_20260712_180845_975,52,G8 T_8-7,1.182014,True,1.0,Adaptive,OP-02,VP-A,Tibia,TRE_GROUP_2
case_bonereg_tibia_pit_marker_trial_20260712_180845_975_model_on_20260712_181128,trial_20260712_180845_975,54,G8 T_8-21,1.163394,True,0.82,Adaptive,OP-02,VP-A,Tibia,TRE_GROUP_2
case_bonereg_tibia_pit_marker_trial_20260712_180845_975_model_on_20260712_181128,trial_20260712_180845_975,55,G8 T_8-16,1.143131,True,1.0,Adaptive,OP-02,VP-A,Tibia,TRE_GROUP_2
case_bonereg_tibia_pit_marker_trial_20260712_181217_208_model_on_20260712_181354,trial_20260712_181217_208,1,G1 T_1-2,2.230095,True,0.82,Fixed k=10,OP-02,VP-A,Tibia,TRE_GROUP_3
case_bonereg_tibia_pit_marker_trial_20260712_181217_208_model_on_20260712_181354,trial_20260712_181217_208,4,G1 T_1-5,2.445666,True,1.0,Fixed k=10,OP-02,VP-A,Tibia,TRE_GROUP_3
case_bonereg_tibia_pit_marker_trial_20260712_181217_208_model_on_20260712_181354,trial_20260712_181217_208,18,G3 T_3-6,1.326386,True,0.82,Fixed k=10,OP-02,VP-A,Tibia,TRE_GROUP_3
case_bonereg_tibia_pit_marker_trial_20260712_181217_208_model_on_20260712_181354,trial_20260712_181217_208,23,G4 T_4-6,2.044217,True,0.6708,Fixed k=10,OP-02,VP-A,Tibia,TRE_GROUP_3
case_bonereg_tibia_pit_marker_trial_20260712_181217_208_model_on_20260712_181354,trial_20260712_181217_208,38,G6 T_6-6,1.288728,True,0.82,Fixed k=10,OP-02,VP-A,Tibia,TRE_GROUP_3
case_bonereg_tibia_pit_marker_trial_20260712_181217_208_model_on_20260712_181354,trial_20260712_181217_208,40,G7 T_7-1,2.120158,True,0.82,Fixed k=10,OP-02,VP-A,Tibia,TRE_GROUP_3
case_bonereg_tibia_pit_marker_trial_20260712_181217_208_model_on_20260712_181354,trial_20260712_181217_208,51,G8 T_8-8,2.939272,True,0.82,Fixed k=10,OP-02,VP-A,Tibia,TRE_GROUP_3
case_bonereg_tibia_pit_marker_trial_20260712_181424_988_model_on_20260712_181545,trial_20260712_181424_988,2,G1 T_1-3,3.685338,False,0.6708,Fixed k=10,OP-02,VP-A,Tibia,TRE_GROUP_1
case_bonereg_tibia_pit_marker_trial_20260712_181424_988_model_on_20260712_181545,trial_20260712_181424_988,7,G1 T_1-13,1.261593,True,0.82,Fixed k=10,OP-02,VP-A,Tibia,TRE_GROUP_1
case_bonereg_tibia_pit_marker_trial_20260712_181424_988_model_on_20260712_181545,trial_20260712_181424_988,8,G1 T_1-14,4.031908,False,1.0,Fixed k=10,OP-02,VP-A,Tibia,TRE_GROUP_1
case_bonereg_tibia_pit_marker_trial_20260712_181424_988_model_on_20260712_181545,trial_20260712_181424_988,14,G2 T_2-12,2.016165,True,0.82,Fixed k=10,OP-02,VP-A,Tibia,TRE_GROUP_1
case_bonereg_tibia_pit_marker_trial_20260712_181424_988_model_on_20260712_181545,trial_20260712_181424_988,30,G5 T_5-4,4.335774,False,0.42588,Fixed k=10,OP-02,VP-A,Tibia,TRE_GROUP_1
case_bonereg_tibia_pit_marker_trial_20260712_181424_988_model_on_20260712_181545,trial_20260712_181424_988,50,G8 T_8-19,1.965243,True,0.6708,Fixed k=10,OP-02,VP-A,Tibia,TRE_GROUP_1
case_bonereg_tibia_pit_marker_trial_20260712_181424_988_model_on_20260712_181545,trial_20260712_181424_988,53,G8 T_8-12,1.831287,True,0.82,Fixed k=10,OP-02,VP-A,Tibia,TRE_GROUP_1
case_bonereg_tibia_pit_marker_trial_20260712_181626_870_model_on_20260712_181824,trial_20260712_181626_870,7,G1 T_1-13,1.833697,True,0.82,Fixed k=10,OP-03,VP-B,Tibia,TRE_GROUP_1
case_bonereg_tibia_pit_marker_trial_20260712_181626_870_model_on_20260712_181824,trial_20260712_181626_870,8,G1 T_1-14,3.616697,False,0.82,Fixed k=10,OP-03,VP-B,Tibia,TRE_GROUP_1
case_bonereg_tibia_pit_marker_trial_20260712_181626_870_model_on_20260712_181824,trial_20260712_181626_870,14,G2 T_2-12,1.200126,True,0.82,Fixed k=10,OP-03,VP-B,Tibia,TRE_GROUP_1
case_bonereg_tibia_pit_marker_trial_20260712_181626_870_model_on_20260712_181824,trial_20260712_181626_870,2,G1 T_1-3,1.21473,True,0.82,Fixed k=10,OP-03,VP-B,Tibia,TRE_GROUP_1
case_bonereg_tibia_pit_marker_trial_20260712_181626_870_model_on_20260712_181824,trial_20260712_181626_870,30,G5 T_5-4,2.43204,True,0.82,Fixed k=10,OP-03,VP-B,Tibia,TRE_GROUP_1
case_bonereg_tibia_pit_marker_trial_20260712_181626_870_model_on_20260712_181824,trial_20260712_181626_870,50,G8 T_8-19,2.66144,True,0.82,Fixed k=10,OP-03,VP-B,Tibia,TRE_GROUP_1
case_bonereg_tibia_pit_marker_trial_20260712_181626_870_model_on_20260712_181824,trial_20260712_181626_870,53,G8 T_8-12,2.227294,True,0.82,Fixed k=10,OP-03,VP-B,Tibia,TRE_GROUP_1
case_bonereg_tibia_pit_marker_trial_20260712_181857_489_model_on_20260712_182014,trial_20260712_181857_489,1,G1 T_1-2,2.79818,True,0.82,Fixed k=10,OP-03,VP-B,Tibia,TRE_GROUP_3
case_bonereg_tibia_pit_marker_trial_20260712_181857_489_model_on_20260712_182014,trial_20260712_181857_489,4,G1 T_1-5,2.684687,True,1.0,Fixed k=10,OP-03,VP-B,Tibia,TRE_GROUP_3
case_bonereg_tibia_pit_marker_trial_20260712_181857_489_model_on_20260712_182014,trial_20260712_181857_489,18,G3 T_3-6,2.171526,True,0.35,Fixed k=10,OP-03,VP-B,Tibia,TRE_GROUP_3
case_bonereg_tibia_pit_marker_trial_20260712_181857_489_model_on_20260712_182014,trial_20260712_181857_489,23,G4 T_4-6,2.055156,True,0.82,Fixed k=10,OP-03,VP-B,Tibia,TRE_GROUP_3
case_bonereg_tibia_pit_marker_trial_20260712_181857_489_model_on_20260712_182014,trial_20260712_181857_489,38,G6 T_6-6,3.885512,False,0.82,Fixed k=10,OP-03,VP-B,Tibia,TRE_GROUP_3
case_bonereg_tibia_pit_marker_trial_20260712_181857_489_model_on_20260712_182014,trial_20260712_181857_489,40,G7 T_7-1,1.693671,True,0.86,Fixed k=10,OP-03,VP-B,Tibia,TRE_GROUP_3
case_bonereg_tibia_pit_marker_trial_20260712_181857_489_model_on_20260712_182014,trial_20260712_181857_489,51,G8 T_8-8,2.650598,True,0.82,Fixed k=10,OP-03,VP-B,Tibia,TRE_GROUP_3
case_bonereg_tibia_pit_marker_trial_20260712_182049_138_model_on_20260712_182215,trial_20260712_182049_138,0,G1 T_1-1,1.273169,True,0.82,Fixed k=10,OP-03,VP-A,Tibia,TRE_GROUP_2
case_bonereg_tibia_pit_marker_trial_20260712_182049_138_model_on_20260712_182215,trial_20260712_182049_138,19,G3 T_3-7,2.669368,True,0.6708,Fixed k=10,OP-03,VP-A,Tibia,TRE_GROUP_2
case_bonereg_tibia_pit_marker_trial_20260712_182049_138_model_on_20260712_182215,trial_20260712_182049_138,35,G6 T_6-2,2.633295,True,0.42588,Fixed k=10,OP-03,VP-A,Tibia,TRE_GROUP_2
case_bonereg_tibia_pit_marker_trial_20260712_182049_138_model_on_20260712_182215,trial_20260712_182049_138,37,G6 T_6-5,2.152909,True,0.82,Fixed k=10,OP-03,VP-A,Tibia,TRE_GROUP_2
case_bonereg_tibia_pit_marker_trial_20260712_182049_138_model_on_20260712_182215,trial_20260712_182049_138,52,G8 T_8-7,1.635398,True,0.82,Fixed k=10,OP-03,VP-A,Tibia,TRE_GROUP_2
case_bonereg_tibia_pit_marker_trial_20260712_182049_138_model_on_20260712_182215,trial_20260712_182049_138,54,G8 T_8-21,0.502862,True,1.0,Fixed k=10,OP-03,VP-A,Tibia,TRE_GROUP_2
case_bonereg_tibia_pit_marker_trial_20260712_182049_138_model_on_20260712_182215,trial_20260712_182049_138,55,G8 T_8-16,1.451359,True,0.42588,Fixed k=10,OP-03,VP-A,Tibia,TRE_GROUP_2
case_bonereg_tibia_pit_marker_trial_20260712_183120_277_model_on_20260712_183354,trial_20260712_183120_277,0,G1 T_1-1,0.760202,True,1.0,Adaptive,OP-03,VP-B,Tibia,TRE_GROUP_2
case_bonereg_tibia_pit_marker_trial_20260712_183120_277_model_on_20260712_183354,trial_20260712_183120_277,19,G3 T_3-7,0.969859,True,0.82,Adaptive,OP-03,VP-B,Tibia,TRE_GROUP_2
case_bonereg_tibia_pit_marker_trial_20260712_183120_277_model_on_20260712_183354,trial_20260712_183120_277,35,G6 T_6-2,1.08081,True,0.82,Adaptive,OP-03,VP-B,Tibia,TRE_GROUP_2
case_bonereg_tibia_pit_marker_trial_20260712_183120_277_model_on_20260712_183354,trial_20260712_183120_277,37,G6 T_6-5,0.489286,True,0.6708,Adaptive,OP-03,VP-B,Tibia,TRE_GROUP_2
case_bonereg_tibia_pit_marker_trial_20260712_183120_277_model_on_20260712_183354,trial_20260712_183120_277,52,G8 T_8-7,1.031141,True,0.82,Adaptive,OP-03,VP-B,Tibia,TRE_GROUP_2
case_bonereg_tibia_pit_marker_trial_20260712_183120_277_model_on_20260712_183354,trial_20260712_183120_277,54,G8 T_8-21,0.477503,True,0.82,Adaptive,OP-03,VP-B,Tibia,TRE_GROUP_2
case_bonereg_tibia_pit_marker_trial_20260712_183120_277_model_on_20260712_183354,trial_20260712_183120_277,55,G8 T_8-16,1.015876,True,1.0,Adaptive,OP-03,VP-B,Tibia,TRE_GROUP_2
case_bonereg_tibia_pit_marker_trial_20260712_183420_879_model_on_20260712_183945,trial_20260712_183420_879,1,G1 T_1-2,1.270331,True,0.82,Adaptive,OP-03,VP-A,Tibia,TRE_GROUP_3
case_bonereg_tibia_pit_marker_trial_20260712_183420_879_model_on_20260712_183945,trial_20260712_183420_879,4,G1 T_1-5,1.286255,True,0.82,Adaptive,OP-03,VP-A,Tibia,TRE_GROUP_3
case_bonereg_tibia_pit_marker_trial_20260712_183420_879_model_on_20260712_183945,trial_20260712_183420_879,18,G3 T_3-6,1.432028,True,1.0,Adaptive,OP-03,VP-A,Tibia,TRE_GROUP_3
case_bonereg_tibia_pit_marker_trial_20260712_183420_879_model_on_20260712_183945,trial_20260712_183420_879,23,G4 T_4-6,0.405614,True,0.6708,Adaptive,OP-03,VP-A,Tibia,TRE_GROUP_3
case_bonereg_tibia_pit_marker_trial_20260712_183420_879_model_on_20260712_183945,trial_20260712_183420_879,38,G6 T_6-6,0.819311,True,0.82,Adaptive,OP-03,VP-A,Tibia,TRE_GROUP_3
case_bonereg_tibia_pit_marker_trial_20260712_183420_879_model_on_20260712_183945,trial_20260712_183420_879,40,G7 T_7-1,1.178774,True,0.49364,Adaptive,OP-03,VP-A,Tibia,TRE_GROUP_3
case_bonereg_tibia_pit_marker_trial_20260712_183420_879_model_on_20260712_183945,trial_20260712_183420_879,51,G8 T_8-8,0.508773,True,0.6708,Adaptive,OP-03,VP-A,Tibia,TRE_GROUP_3
case_bonereg_tibia_pit_marker_trial_20260712_184135_263_model_on_20260712_184358,trial_20260712_184135_263,2,G1 T_1-3,0.880474,True,1.0,Adaptive,OP-03,VP-A,Tibia,TRE_GROUP_1
case_bonereg_tibia_pit_marker_trial_20260712_184135_263_model_on_20260712_184358,trial_20260712_184135_263,7,G1 T_1-13,0.708748,True,1.0,Adaptive,OP-03,VP-A,Tibia,TRE_GROUP_1
case_bonereg_tibia_pit_marker_trial_20260712_184135_263_model_on_20260712_184358,trial_20260712_184135_263,8,G1 T_1-14,1.309077,True,0.82,Adaptive,OP-03,VP-A,Tibia,TRE_GROUP_1
case_bonereg_tibia_pit_marker_trial_20260712_184135_263_model_on_20260712_184358,trial_20260712_184135_263,14,G2 T_2-12,0.977401,True,0.82,Adaptive,OP-03,VP-A,Tibia,TRE_GROUP_1
case_bonereg_tibia_pit_marker_trial_20260712_184135_263_model_on_20260712_184358,trial_20260712_184135_263,30,G5 T_5-4,0.498677,True,0.6708,Adaptive,OP-03,VP-A,Tibia,TRE_GROUP_1
case_bonereg_tibia_pit_marker_trial_20260712_184135_263_model_on_20260712_184358,trial_20260712_184135_263,53,G8 T_8-12,0.737308,True,1.0,Adaptive,OP-03,VP-A,Tibia,TRE_GROUP_1
case_bonereg_tibia_pit_marker_trial_20260712_184135_263_model_on_20260712_184358,trial_20260712_184135_263,50,G8 T_8-19,0.639209,True,0.82,Adaptive,OP-03,VP-A,Tibia,TRE_GROUP_1
case_bonereg_tibia_pit_marker_trial_20260712_194828_885_model_on_20260712_195020,trial_20260712_194828_885,2,G1 T_1-3,1.130524,True,1.0,Adaptive,OP-02,VP-B,Tibia,TRE_GROUP_1
case_bonereg_tibia_pit_marker_trial_20260712_194828_885_model_on_20260712_195020,trial_20260712_194828_885,7,G1 T_1-13,0.810951,True,0.82,Adaptive,OP-02,VP-B,Tibia,TRE_GROUP_1
case_bonereg_tibia_pit_marker_trial_20260712_194828_885_model_on_20260712_195020,trial_20260712_194828_885,8,G1 T_1-14,1.065909,True,0.82,Adaptive,OP-02,VP-B,Tibia,TRE_GROUP_1
case_bonereg_tibia_pit_marker_trial_20260712_194828_885_model_on_20260712_195020,trial_20260712_194828_885,14,G2 T_2-12,0.505152,True,1.0,Adaptive,OP-02,VP-B,Tibia,TRE_GROUP_1
case_bonereg_tibia_pit_marker_trial_20260712_194828_885_model_on_20260712_195020,trial_20260712_194828_885,30,G5 T_5-4,0.912004,True,0.42588,Adaptive,OP-02,VP-B,Tibia,TRE_GROUP_1
case_bonereg_tibia_pit_marker_trial_20260712_194828_885_model_on_20260712_195020,trial_20260712_194828_885,50,G8 T_8-19,0.622307,True,0.82,Adaptive,OP-02,VP-B,Tibia,TRE_GROUP_1
case_bonereg_tibia_pit_marker_trial_20260712_194828_885_model_on_20260712_195020,trial_20260712_194828_885,53,G8 T_8-12,1.417266,True,0.6708,Adaptive,OP-02,VP-B,Tibia,TRE_GROUP_1
case_bonereg_tibia_pit_marker_trial_20260712_195051_242_model_on_20260712_195207,trial_20260712_195051_242,0,G1 T_1-1,1.382538,True,0.49364,Fixed k=10,OP-02,VP-B,Tibia,TRE_GROUP_2
case_bonereg_tibia_pit_marker_trial_20260712_195051_242_model_on_20260712_195207,trial_20260712_195051_242,19,G3 T_3-7,3.165092,False,0.86,Fixed k=10,OP-02,VP-B,Tibia,TRE_GROUP_2
case_bonereg_tibia_pit_marker_trial_20260712_195051_242_model_on_20260712_195207,trial_20260712_195051_242,35,G6 T_6-2,1.493991,True,1.0,Fixed k=10,OP-02,VP-B,Tibia,TRE_GROUP_2
case_bonereg_tibia_pit_marker_trial_20260712_195051_242_model_on_20260712_195207,trial_20260712_195051_242,37,G6 T_6-5,1.004041,True,1.0,Fixed k=10,OP-02,VP-B,Tibia,TRE_GROUP_2
case_bonereg_tibia_pit_marker_trial_20260712_195051_242_model_on_20260712_195207,trial_20260712_195051_242,52,G8 T_8-7,1.674935,True,0.82,Fixed k=10,OP-02,VP-B,Tibia,TRE_GROUP_2
case_bonereg_tibia_pit_marker_trial_20260712_195051_242_model_on_20260712_195207,trial_20260712_195051_242,54,G8 T_8-21,0.561824,True,0.86,Fixed k=10,OP-02,VP-B,Tibia,TRE_GROUP_2
case_bonereg_tibia_pit_marker_trial_20260712_195051_242_model_on_20260712_195207,trial_20260712_195051_242,55,G8 T_8-16,1.326632,True,0.82,Fixed k=10,OP-02,VP-B,Tibia,TRE_GROUP_2
